dataset_id,rho,replicate,arm,posterior_kl,group_union_tv,pip_mae,group_pip_mae,posterior_mean_error,covariance_error,full_support_kl,full_support_tv,conditional_kl,prediction_mse,kl_mcse,final_fallback,status,components,process_seconds,accepted_refreshes,local_seconds,final_validation_seconds,effective_incumbent_components,source_components
p10_g2_rho0.9_r004,0.9,4,augmented_joint,1.0714345285289113,0.21890991967218298,0.04725104020905585,0.07579905975257074,0.1042120282635904,0.08942974036634017,0.16318025799650093,0.221819329861042,0.9082542705324104,0.042871145292890274,0.0004055374009625595,False,max_refreshes,5,3.3700885000007474,16,2.731540699999641,0.39569099999971513,4,8
p10_g2_rho0.9_r004,0.9,4,direct_stagewise,0.632943390504499,0.2823526211677534,0.059601399618980234,0.09610797421352435,0.08940023160791198,0.09299189298134529,0.2491358390152774,0.28264629474647895,0.38380755148922163,0.04153668115384235,0.0008361002383937227,False,max_refreshes,5,5.239587200000642,8,4.614028299999518,0.3857881999992969,4,8
p10_g2_rho0.9_r004,0.9,4,direct_joint,0.5406161844719399,0.22067526378502145,0.04878502849014604,0.07784564647136585,0.06468957019342635,0.0819557427893992,0.17061617204128834,0.2266069296967979,0.3700000124306516,0.04245789032512314,0.00019081576029275307,False,max_refreshes,5,4.350671000000148,14,3.4025970000002417,0.44379750000007334,4,8
p10_g2_rho0.9_r004,0.9,4,direct_frozen,0.6252337054336508,0.27947570885419154,0.05747645504599208,0.09226127869675745,0.08287231745069575,0.09003586483437863,0.23799834938672693,0.28745698448997936,0.38723535604692383,0.04215847470760961,0.0007572352808416542,False,max_refreshes,5,4.734684099999868,11,4.071445600000516,0.41143730000021606,4,8
p10_g2_rho0.9_r010,0.9,10,direct_frozen,0.9462957886717422,0.3893979613210028,0.09459621491894446,0.15458948723518903,0.2380594716210569,0.15468804620466098,0.49647193086610986,0.39260167338385815,0.4498238578056324,0.05457932798702708,4.822661835643858e-05,False,max_refreshes,5,4.6886053999996875,13,4.027628599999844,0.40885529999923165,4,9
p10_g2_rho0.9_r010,0.9,10,direct_stagewise,0.9461143881713685,0.38590621906698874,0.09571596317162148,0.15726036822006711,0.24139127333607469,0.1589634719793201,0.4956576864225535,0.3884073016197689,0.450456701748815,0.05416776233936563,4.120116897498733e-05,False,max_refreshes,5,4.584465099999761,12,3.918594500000836,0.4087638999999399,4,9
p10_g2_rho0.9_r010,0.9,10,direct_joint,0.8791124162388471,0.36870006010985024,0.08858919834560267,0.1460124625868625,0.2365052847509745,0.14957633887227745,0.4539093899792877,0.3717095706257487,0.42520302625955936,0.05615151052677889,7.686486644854196e-05,False,max_refreshes,5,4.490964100000383,16,3.630027700000028,0.39463660000001255,4,9
p10_g2_rho0.9_r010,0.9,10,augmented_joint,1.3428078846673106,0.3396900816517402,0.08067572135182055,0.13376931575293738,0.22631953449642614,0.14653997920103626,0.4072617031436719,0.3426651879839302,0.9355461815236388,0.04985345646803948,0.0001530385660549784,False,max_refreshes,5,3.5852913999997327,16,2.9072099999993952,0.42136389999996027,4,9
p10_g2_rho0.99_r005,0.99,5,augmented_joint,2.033887807737205,0.5145726005527296,0.10913120508212115,0.1791544426947862,0.2664573180231702,0.3591002721732264,0.8232471204252514,0.5167873495583714,1.2106406873119537,0.04929644165482226,0.00013462744074137258,False,max_refreshes,5,3.787345499999901,15,3.1426006000001507,0.40314649999982066,4,8
p10_g2_rho0.99_r005,0.99,5,direct_frozen,1.6135259664791661,0.557440048847839,0.12533402720715597,0.20798967620471917,0.2707795616900944,0.3608689972627635,0.9805191169732064,0.5580752363918211,0.6330068495059598,0.05236153779076303,7.055435598403922e-05,False,stalled_refreshes,5,3.0447347999997874,3,2.3834458999999697,0.41322669999954087,4,8
p10_g2_rho0.99_r005,0.99,5,direct_stagewise,1.614390062642535,0.5579362818980089,0.12518287977846856,0.20770906341858206,0.27161071214870375,0.3603737636244808,0.9771921760114796,0.5585928291717359,0.6371978866310554,0.05237098473269954,6.86397571225519e-05,False,stalled_refreshes,5,3.055551899999955,4,2.4302693999998155,0.3860472000005757,4,8
p10_g2_rho0.99_r005,0.99,5,direct_joint,1.6134151066813072,0.5679793973435507,0.12762092923864782,0.21113492052595895,0.2805578572709711,0.3578662280219385,0.9674252521211084,0.5690406401986431,0.6459898545601988,0.05310163333863264,6.794575191801914e-05,False,max_refreshes,5,5.2388074000000415,11,4.358350400000745,0.4117924000001949,4,8
p10_g2_rho0.99_r018,0.99,18,augmented_joint,2.34434905545916,0.6243692283823012,0.17305647096611937,0.28713112559848175,0.30099287721713264,0.5711355084512261,1.1825903437264158,0.6264479636294232,1.1617587117327444,0.0754399998475366,0.00011391962216892293,False,max_refreshes,5,4.269744100000025,15,3.6067736000004516,0.4261226999997234,4,8
p10_g2_rho0.99_r018,0.99,18,direct_stagewise,1.9315250372112143,0.6615381912219539,0.17590067307626261,0.288298713203269,0.2805465524946239,0.5531825405909326,1.2965157400026042,0.6636168185052873,0.6350092972086101,0.0801694763849831,0.00016803483105528677,False,max_refreshes,5,4.912449100000231,13,4.2501837999998315,0.41121450000082405,4,8
p10_g2_rho0.99_r018,0.99,18,direct_frozen,1.9321009168535195,0.6623608079409051,0.17430366725334281,0.2855975939171468,0.2821659336000344,0.5500874779387641,1.3058344902440937,0.664439410920531,0.6262664266094258,0.08160162818721398,0.00013664799865857773,False,max_refreshes,5,5.004876199999671,11,4.293470200000229,0.4452852000003986,4,8
p10_g2_rho0.99_r018,0.99,18,direct_joint,1.863481315116605,0.6479218079007465,0.16757548455402174,0.27435501147643304,0.29842770769272864,0.5387824057152732,1.2163148837674023,0.6500004025167657,0.6471664313492027,0.07801661030153645,0.00013036440266593057,False,max_refreshes,5,4.497252899999694,14,3.6131030999995346,0.4152670000003127,4,8
p10_g2_rho0.9_r006,0.9,6,augmented_joint,1.8292841949744219,0.47646177653577715,0.12588514282734792,0.2026167539679362,0.37333982314515474,0.22449077044060234,0.7016789595962889,0.47799034911959504,1.127605235378133,0.17500824387784875,0.00021149471770344028,False,max_refreshes,5,4.14679789999991,14,3.489804499999991,0.4046023000000787,4,9
p10_g2_rho0.9_r006,0.9,6,direct_joint,1.3235803209373653,0.5082255593848937,0.12847982675805555,0.21259890865482112,0.35870164710916325,0.22273566399726108,0.7620972997154309,0.5090078319839055,0.5614830212219344,0.1719140241755575,0.0002629493168295003,False,max_refreshes,5,4.441894599999614,14,3.55197920000046,0.41835709999941173,4,9
p10_g2_rho0.9_r006,0.9,6,direct_stagewise,1.3863342647943622,0.5191661822066409,0.12694489980822168,0.2105123127280176,0.3660122717850346,0.2306155621838088,0.8032504549024985,0.5195593269777516,0.5830838098918637,0.1745695613730963,0.00017107204774781883,False,max_refreshes,5,5.117108700000244,9,4.444284700000026,0.41543989999991027,4,9
p10_g2_rho0.9_r006,0.9,6,direct_frozen,1.379254463643857,0.5217371051270052,0.12630264688782927,0.2095744949277207,0.3683679751781838,0.2303591663251227,0.8112185281204267,0.5217597014060018,0.5680359355234303,0.17448226655231935,0.00016758134623227398,False,max_refreshes,5,4.720200400000067,11,4.047290100000282,0.4154820000003383,4,9
p10_g2_rho0.9_r002,0.9,2,augmented_joint,1.1377680315456722,0.31636548873324183,0.06778977837789864,0.11122930024255012,0.12248040618652559,0.0900173855803921,0.3075966712284985,0.31642776632905845,0.8301713603171736,0.2505489985648415,8.226669872821446e-05,False,max_refreshes,5,3.648909900000035,16,2.9615622000001167,0.4297236000002158,4,4
p10_g2_rho0.9_r002,0.9,2,direct_stagewise,0.6968561376666802,0.3132578705937144,0.0580791270780978,0.0956662238029513,0.0991462504506365,0.08165677241971751,0.3114397823872633,0.3132587091087513,0.3854163552794169,0.243501942928071,3.809851472874098e-05,False,max_refreshes,5,4.192938999999569,13,3.5381394000005457,0.401335100000324,4,4
p10_g2_rho0.9_r002,0.9,2,direct_frozen,0.6868705472970937,0.31404127266454607,0.06234332342516628,0.10311454703692684,0.1123703907830818,0.08859247634931774,0.31029029178681156,0.3140421052849321,0.3765802555102822,0.246698917166035,3.491955479615298e-05,False,max_refreshes,5,4.912223400000585,9,4.238115399999515,0.414736400000038,4,4
p10_g2_rho0.9_r002,0.9,2,direct_joint,0.6653586200521051,0.3200225982273151,0.06294378635674347,0.10406452750933708,0.11823203477221124,0.09079477176499685,0.3078423771520184,0.32002337625946,0.3575162429000867,0.24618978159057003,4.9939576170328805e-05,False,max_refreshes,5,6.043084699999781,8,5.14904530000058,0.42174939999949856,4,4
p10_g2_rho0.99_r007,0.99,7,direct_stagewise,2.337861810071452,0.7285129787803042,0.2158270129505972,0.3575069603498655,0.5797896522116136,0.5873546643018842,1.62659393017906,0.7285131234571014,0.7112678798923919,0.07353685974517703,0.0,True,stalled_refreshes,5,2.028210299999955,0,1.3066988000000492,0.44855720000032306,1,1
p10_g2_rho0.99_r007,0.99,7,direct_frozen,2.337861810071452,0.7285129787803042,0.2158270129505972,0.3575069603498655,0.5797896522116136,0.5873546643018842,1.62659393017906,0.7285131234571014,0.7112678798923919,0.07353685974517703,0.0,True,stalled_refreshes,5,1.881879200000185,0,1.205479500000365,0.4176496000000043,1,1
p10_g2_rho0.99_r007,0.99,7,direct_joint,2.337861810071452,0.7285129787803042,0.2158270129505972,0.3575069603498655,0.5797896522116136,0.5873546643018842,1.62659393017906,0.7285131234571014,0.7112678798923919,0.07353685974517703,0.0,True,stalled_refreshes,5,2.260878799999773,0,1.3003973000004407,0.4524169999995138,1,1
p10_g2_rho0.99_r007,0.99,7,augmented_joint,2.8504113999057665,0.7387149995004371,0.2211683888504195,0.3648437375844196,0.574880497982134,0.58203906136667,1.7028048427687976,0.7387152321246364,1.147606557136969,0.07028551554444022,0.0001344863496031501,False,max_refreshes,5,4.1560552999999345,15,3.4148699000006673,0.4648674000000028,1,1
p10_g2_rho0.7_r015,0.7,15,direct_stagewise,0.2978634725654459,0.11803154741765194,0.018507867290817374,0.030332865191912865,0.012764173716023508,0.015726873666877965,0.036565560422332354,0.1180320971309453,0.26129791214311354,0.15458143244216485,0.0,True,stalled_refreshes,5,1.93917539999984,0,1.2473583999999391,0.4280863000003592,1,1
p10_g2_rho0.7_r015,0.7,15,direct_frozen,0.2978634725654459,0.11803154741765194,0.018507867290817374,0.030332865191912865,0.012764173716023508,0.015726873666877965,0.036565560422332354,0.1180320971309453,0.26129791214311354,0.15458143244216485,0.0,True,stalled_refreshes,5,1.8105923999992228,0,1.1605570000001535,0.39954149999994115,1,1
p10_g2_rho0.7_r015,0.7,15,direct_joint,0.2978634725654459,0.11803154741765194,0.018507867290817374,0.030332865191912865,0.012764173716023508,0.015726873666877965,0.036565560422332354,0.1180320971309453,0.26129791214311354,0.15458143244216485,0.0,True,stalled_refreshes,5,1.986701400000129,0,1.1312715000003664,0.39648099999976694,1,1
p10_g2_rho0.7_r015,0.7,15,augmented_joint,0.846801428607014,0.15835182241107917,0.02545400826661946,0.03920166829288701,0.016472473348283403,0.015781070455952752,0.06391414340959675,0.15835224075777243,0.7828872851974172,0.1542974139009043,0.00011022183146883776,False,max_refreshes,5,3.7082626000001255,16,2.965729300000021,0.4596270000001823,1,1
p10_g2_rho0.99_r015,0.99,15,direct_joint,1.7942458872653617,0.6298392401977511,0.15560996915547692,0.257026391012607,0.40822570334454594,0.4929819445397594,1.1547779122449027,0.6298393191102084,0.639467975020459,0.04029014698715914,0.0002558768380907094,False,max_refreshes,5,4.702525200000309,13,3.7373300000008385,0.4552284999999756,4,9
p10_g2_rho0.99_r015,0.99,15,augmented_joint,2.1984582501588044,0.6372664494764104,0.16297736008768485,0.27140867584989914,0.42272536168704106,0.49457777015242,1.2052021610088846,0.6372665091028855,0.9932560891499198,0.040619263996143684,0.00025971975632244125,False,max_refreshes,5,3.649387399999796,16,2.9485757000002195,0.4369041999998444,4,9
p10_g2_rho0.99_r015,0.99,15,direct_frozen,1.8208480887848655,0.6244430271348347,0.152817606508956,0.25281151874352575,0.4132994092253082,0.49324560077279755,1.184240141072936,0.6244430967520931,0.6366079477119295,0.04048041424803969,0.00026122714460494157,False,stalled_refreshes,5,3.0496350000003076,2,2.3275852000006125,0.4506226000003153,4,9
p10_g2_rho0.99_r015,0.99,15,direct_stagewise,1.8273395220415214,0.6196540449705742,0.15042304759141176,0.2483824152057931,0.4068110377323571,0.49165769401688086,1.1607688758385466,0.61965412797385,0.6665706462029748,0.04031001440124961,0.00022749382627496788,False,stalled_refreshes,5,3.8225432999997793,5,3.1006618000001254,0.45285249999960797,4,9
p10_g2_rho0.7_r007,0.7,7,augmented_joint,0.7897591031279472,0.15246072925484733,0.024616212953882236,0.03852603480942105,0.018804506810090313,0.013805960405046794,0.05982893563551007,0.15246405811274077,0.7299301674924371,0.06218659272968802,9.481406886982829e-05,False,max_refreshes,5,3.7301204999994297,16,3.0281519000000117,0.4500665999994453,1,1
p10_g2_rho0.7_r007,0.7,7,direct_joint,0.2674294367744068,0.12460145003561993,0.019344523479099034,0.03210982141288605,0.018081317948017515,0.014944326612636411,0.040343620590455355,0.12460145006732085,0.22708581618395143,0.062142436000002556,0.0,True,stalled_refreshes,5,2.1651725000001534,0,1.2945553999998083,0.4025398999992831,1,1
p10_g2_rho0.7_r007,0.7,7,direct_frozen,0.2674294367744068,0.12460145003561993,0.019344523479099034,0.03210982141288605,0.018081317948017515,0.014944326612636411,0.040343620590455355,0.12460145006732085,0.22708581618395143,0.062142436000002556,0.0,True,stalled_refreshes,5,2.0042666000008467,0,1.2826820000000225,0.4459266000003481,1,1
p10_g2_rho0.7_r007,0.7,7,direct_stagewise,0.2674294367744068,0.12460145003561993,0.019344523479099034,0.03210982141288605,0.018081317948017515,0.014944326612636411,0.040343620590455355,0.12460145006732085,0.22708581618395143,0.062142436000002556,0.0,True,stalled_refreshes,5,1.977666799999497,0,1.2875523000002431,0.4185581000001548,1,1
p10_g2_rho0.9_r013,0.9,13,augmented_joint,1.0522766503626322,0.24316811288931056,0.05050650679678474,0.07949933314860687,0.07485251712202179,0.08146329647223022,0.2023045033155611,0.2456877376955939,0.8499721470470711,0.16454400281652085,0.00027539337838347123,False,max_refreshes,5,3.802873300000101,16,3.0977675999993153,0.4408877999994729,4,8
p10_g2_rho0.9_r013,0.9,13,direct_frozen,0.6206764023329168,0.27098169445527975,0.056495878247305856,0.09207907019878016,0.0957655445582421,0.08761712612654364,0.22840338794730822,0.27098209383405075,0.3922730143856086,0.16733487335600086,0.00020863522145278546,False,stalled_refreshes,5,5.673601999999846,8,4.978758000000198,0.4329545999999027,4,8
p10_g2_rho0.9_r013,0.9,13,direct_stagewise,0.6258534892837169,0.2611839304887859,0.05512926894247148,0.08962927573451779,0.09395724765611169,0.08659647344996373,0.21755483270640746,0.2611843747356507,0.4082986565773094,0.167264260444974,0.0002084522165420636,False,stalled_refreshes,5,5.064555900000414,8,4.366836500000318,0.4287755000004836,4,8
p10_g2_rho0.9_r013,0.9,13,direct_joint,0.5331309958983432,0.22018998777938836,0.04710352976981409,0.07686172044962687,0.0690603863007109,0.08096599017273709,0.17615221108215387,0.22606375468374212,0.3569787848161894,0.16649492237408597,9.442141074273919e-05,False,max_refreshes,5,5.206750000000284,12,4.231893199999831,0.4603722000001653,4,8
p10_g2_rho0.7_r018,0.7,18,augmented_joint,0.7728583630522081,0.14688912435605597,0.024978187738928962,0.03958844154380601,0.022547287466681908,0.013701618482286666,0.06213804225792299,0.14804205169636353,0.7107203207942852,0.12356741621321114,0.00012514493341880876,False,max_refreshes,5,3.8854181000006065,16,3.1504182999997283,0.45663449999938166,2,2
p10_g2_rho0.7_r018,0.7,18,direct_frozen,0.2624895241917997,0.10434706944634664,0.018770812012054532,0.029759588352260103,0.019744880715500877,0.01403032779342061,0.0347494642896206,0.10437360488473932,0.2277400599021791,0.12542327132414519,6.063385541662792e-05,False,max_refreshes,5,4.7892680000004475,11,4.0960980999998355,0.42838709999978164,2,2
p10_g2_rho0.7_r018,0.7,18,direct_joint,0.19302407909383135,0.07689174485450656,0.014573288195396761,0.02265091356517768,0.017269877017028718,0.01116417336814744,0.022181008851505264,0.07748468292328821,0.1708430702423261,0.11966823138571912,9.671959382740284e-05,False,max_refreshes,5,5.27127290000044,13,4.266911200000322,0.47294090000013966,2,2
p10_g2_rho0.7_r018,0.7,18,direct_stagewise,0.2751416744799471,0.11391550038273053,0.02007663694909456,0.03207410809123848,0.025847107471493207,0.01503386360141254,0.03992295764634078,0.11394156547073987,0.2352187168336063,0.12143025215406818,8.287441642279817e-05,True,stalled_refreshes,5,2.0701659000005748,0,1.3839797000000544,0.4411713999998028,2,2
p10_g2_rho0.7_r000,0.7,0,augmented_joint,1.1561516702825596,0.24029526656509498,0.05556294390591514,0.08627401119445616,0.08998389858415308,0.046356960417983116,0.18252676811453228,0.24033749477177593,0.9736249021680273,0.028812624060521864,0.0007407717747636937,False,max_refreshes,5,3.9717031999998653,16,3.2285888999995223,0.46580009999979666,4,8
p10_g2_rho0.7_r000,0.7,0,direct_stagewise,0.5252391340736313,0.19592560511282173,0.04211358397019207,0.0663808563224691,0.08898485048019653,0.04602082300219292,0.14860652569774996,0.2048988479493417,0.37663260837588136,0.02450995717585801,0.00024870104154832987,False,max_refreshes,5,4.965978299999733,11,4.321205299999747,0.40023519999977,4,8
p10_g2_rho0.7_r000,0.7,0,direct_joint,0.41545815872007097,0.1857312071181489,0.03961136561424373,0.0630020146915146,0.08150559462874539,0.04372333528300933,0.14328254239869154,0.18921721377393383,0.27217561632137943,0.02773017188410778,5.123703732323264e-05,False,max_refreshes,5,4.302205899999535,16,3.3909904000001916,0.42927770000005694,4,8
p10_g2_rho0.7_r000,0.7,0,direct_frozen,0.5137970982765392,0.1952900056124605,0.044091174069166114,0.07047730612579485,0.09355906337103462,0.04679227017785415,0.14952626899742555,0.2043512556835962,0.36427082927911364,0.023001856276154014,0.00033765586138803286,False,max_refreshes,5,5.080286999999771,11,4.351378399999703,0.454833900000267,4,8
p10_g2_rho0.99_r003,0.99,3,direct_frozen,1.4228174119680173,0.5213321987805384,0.12824077749246826,0.21144254972542673,0.4323887460878257,0.5602192896734931,0.8215970393290936,0.522151380967917,0.6012203726389237,0.24507353402809495,7.829730749047418e-05,False,max_refreshes,5,4.955565999999635,11,4.2184407000004285,0.455757700000504,4,7
p10_g2_rho0.99_r003,0.99,3,augmented_joint,1.9664004255653058,0.5114756529557771,0.14610612443085075,0.20330160721571788,0.45619149183752516,0.5575525934203892,0.9062564256674174,0.5267407567678029,1.0601439998978885,0.2444672610952621,0.00010686487111640812,False,max_refreshes,5,3.6670131999999285,16,3.00659799999994,0.41207050000048184,4,7
p10_g2_rho0.99_r003,0.99,3,direct_joint,1.405262307055592,0.5219925923467508,0.12549186506335236,0.2079194285665491,0.4234306044233594,0.5567373864315283,0.8022300342699963,0.5219938164351348,0.6030322727855958,0.24115366357777493,8.59565263050236e-05,False,max_refreshes,5,5.536653200000728,12,4.633010999999897,0.4281036000002132,4,7
p10_g2_rho0.99_r003,0.99,3,direct_stagewise,1.4313314997854043,0.5223246639319388,0.12792521704196544,0.21097161488567565,0.4302225209328302,0.5588071755923172,0.8228247129437286,0.522351424998159,0.6085067868416757,0.2450701848291759,9.406580445412872e-05,False,max_refreshes,5,5.496279400000276,8,4.850180399999772,0.3997198999995817,4,7
p10_g2_rho0.99_r014,0.99,14,direct_joint,1.9020377559532697,0.6874314310828293,0.17145338491596246,0.27958034866440656,0.2986499974538426,0.4774457854212119,1.349082983345963,0.6919614574457564,0.5529547726073067,0.01372104806049862,8.963956161209505e-05,False,max_refreshes,5,4.971607499999664,14,4.022427599999901,0.44566020000002027,4,9
p10_g2_rho0.99_r014,0.99,14,direct_stagewise,1.964212081837898,0.6892858907889694,0.17735946706892033,0.29073301884617025,0.3227048357431731,0.4801695915958435,1.390468765554813,0.6938159745904693,0.5737433162830852,0.015244428108665756,0.00013070200022031136,False,max_refreshes,5,4.959457599999951,9,4.278674399999545,0.42275880000033794,4,9
p10_g2_rho0.99_r014,0.99,14,augmented_joint,2.3638427954623236,0.6693463514659646,0.18124865911329938,0.2970397766563226,0.3497980568835028,0.48407237331452885,1.2684624506563018,0.6738764488016248,1.0953803448060218,0.013328682972774805,0.00011627353079557807,False,max_refreshes,5,4.160736600000746,15,3.435355200000231,0.4531875000002401,4,9
p10_g2_rho0.99_r014,0.99,14,direct_frozen,1.9598862858284711,0.6891014582143025,0.17450654124547219,0.28536069884962595,0.31695645286669444,0.47963594812414273,1.4029736917860243,0.6936315350533147,0.5569125940424469,0.015084065381664737,0.00012886521777930293,False,max_refreshes,5,4.637492500000008,11,3.960954199999833,0.4167732000005344,4,9
p10_g2_rho0.7_r002,0.7,2,augmented_joint,0.9250122328881467,0.1894273489282992,0.041500727820742433,0.04944199183720133,0.038739866761405624,0.031892104388556324,0.15163987592806993,0.2041552392730326,0.7733723569600768,0.058091679352590145,0.0001768372845478384,False,max_refreshes,5,3.8932151999997586,16,3.1679800000001705,0.4546245999999883,4,8
p10_g2_rho0.7_r002,0.7,2,direct_frozen,0.4031361758351757,0.15219142341917966,0.029838709829009956,0.04724478709245322,0.061430954115767496,0.03655776536625072,0.08415337202877406,0.1521922117742506,0.31898280380640165,0.054001407157592544,4.33033465449589e-05,False,max_refreshes,5,5.032754200000454,9,4.322417599999426,0.4438838999994914,4,8
p10_g2_rho0.7_r002,0.7,2,direct_joint,0.33658194333584746,0.118749390458032,0.023413078208251524,0.03772501638052849,0.0532034287880746,0.03391673900882267,0.059258488071877405,0.11875037271476045,0.27732345526397006,0.0518176740704025,0.00019134947827499472,False,max_refreshes,5,4.903804900000068,15,4.011695399999553,0.41777539999930013,4,8
p10_g2_rho0.7_r002,0.7,2,direct_stagewise,0.4120554668682441,0.15449022943947016,0.032016433454494425,0.05058741165976657,0.07387991270344127,0.04070856183795128,0.09247414722649878,0.15681729746496523,0.31958131964174535,0.053930653921400486,5.501084458046273e-05,False,max_refreshes,5,4.726203899999746,12,4.071234300000469,0.4116849000001821,4,8
p10_g2_rho0.9_r011,0.9,11,direct_stagewise,0.9409388064846347,0.31686937049693303,0.07041655121651051,0.11459100751324446,0.1854352742794489,0.10792794460423658,0.30965600580463704,0.31759504708715136,0.6312828006799976,0.12923375447159294,0.00010932024569832101,True,stalled_refreshes,5,2.3785454999997455,0,1.675930100000187,0.43859320000046864,4,9
p10_g2_rho0.9_r011,0.9,11,direct_joint,0.8324033772262034,0.29275015305182644,0.05953539460747877,0.09677648428164483,0.14645133428755874,0.09556292918559299,0.2538429117593758,0.2947971684362119,0.5785604654668276,0.1186270799456183,4.261196777611946e-05,False,max_refreshes,5,4.753160399999615,14,3.925060999999914,0.3893837999994503,4,9
p10_g2_rho0.9_r011,0.9,11,augmented_joint,1.8277958666806455,0.31102331283704,0.0651791432172226,0.10662318209545847,0.1510249804094133,0.10314938320539903,0.31588350097170687,0.3185931283680504,1.5119123657089386,0.12293047522500192,6.545213364068092e-05,False,max_refreshes,5,3.8546693999996933,16,3.1430755000001227,0.44738390000020445,4,9
p10_g2_rho0.9_r011,0.9,11,direct_frozen,0.933305997033056,0.3271237162191314,0.07321475165800376,0.11979106031811991,0.18500801302190575,0.10893923292309161,0.3349529440501757,0.32800947668184466,0.5983530529828802,0.12750308288766174,0.00010355362762832952,False,stalled_refreshes,5,6.165555700000368,7,5.4824798999998166,0.4164163000004919,4,9
p10_g2_rho0.7_r009,0.7,9,direct_joint,0.27026053908125647,0.12319086463031173,0.024188634033248627,0.03971654269866776,0.03505851342990993,0.015622461302176163,0.04945519293617014,0.12348293112102043,0.22080534614508632,0.014169546284280151,0.0001213105739929134,False,max_refreshes,5,4.389228500000172,16,3.492882699999427,0.4191648999994868,4,7
p10_g2_rho0.7_r009,0.7,9,direct_frozen,0.3380234024361535,0.13641577016991577,0.023826773739771927,0.039689229387392055,0.030104804210138336,0.01733930567629487,0.054011027321860555,0.1364160623352708,0.2840123751142929,0.018047922539679198,0.00012972433437683073,False,stalled_refreshes,5,4.9544402000001355,10,4.284389699999338,0.41296650000003865,4,7
p10_g2_rho0.7_r009,0.7,9,augmented_joint,0.7790326628745383,0.19136650300359964,0.03317985692502777,0.049389708222999845,0.029284501544954444,0.02692412042613942,0.11038860353584079,0.19339394533805326,0.6686440593386975,0.01972869090386014,0.00016408324398090593,False,max_refreshes,5,3.8219235000005938,16,3.1540634000002683,0.426478300000781,4,7
p10_g2_rho0.7_r009,0.7,9,direct_stagewise,0.34118302192527494,0.1410959319722415,0.02613925067363356,0.04331547510050953,0.03794454960871809,0.01794343309955518,0.059742821605896564,0.14109619664200992,0.2814402003193784,0.017003923491648993,0.0001293327209352733,False,stalled_refreshes,5,3.8296551999992516,8,3.110453399999642,0.4530153000005157,4,7
p10_g2_rho0.9_r007,0.9,7,augmented_joint,1.1700367013561621,0.31106052245897076,0.05513117716584952,0.08983306861256764,0.1129154705953346,0.0782925959909704,0.2671325700064131,0.3110606746399737,0.902904131349749,0.07792002703598934,0.00024065178237555324,False,max_refreshes,5,3.580850299999838,16,2.9359174999999595,0.40104169999995065,3,3
p10_g2_rho0.9_r007,0.9,7,direct_frozen,0.6838420652620396,0.28777898576964694,0.050993286675910375,0.08436791241985196,0.11194428916789038,0.07915752842465798,0.22546379864004826,0.28897255602553673,0.4583782666219913,0.0751641090234893,0.00010996289108717055,False,max_refreshes,5,4.719506400000682,10,4.07153020000078,0.404287899999872,3,3
p10_g2_rho0.9_r007,0.9,7,direct_joint,0.6587219595601539,0.2812601252471219,0.04878112096912298,0.08120371499360027,0.10285452391498608,0.07592046080004747,0.2115902691010723,0.2820748608075444,0.44713169045908163,0.07578488705755139,7.369663768419681e-05,False,max_refreshes,5,4.841402099999868,15,3.9814037000005555,0.40217109999957756,3,3
p10_g2_rho0.9_r007,0.9,7,direct_stagewise,0.6989710006674414,0.28976003650794274,0.0511037967881811,0.08472983609899236,0.10680889040198656,0.0793340738206806,0.23678265794519218,0.2913866963707703,0.4621883427222493,0.08033314540841203,7.772723119424925e-05,True,stalled_refreshes,5,2.2790776000001642,0,1.6233295000001817,0.3983572999995886,3,3
p10_g2_rho0.9_r014,0.9,14,augmented_joint,1.2785152240198183,0.3431423654858298,0.0729233040418657,0.11949970113542178,0.1533407064891989,0.11960354684070434,0.3465987394650828,0.3432010852651642,0.9319164845547355,0.004511055438738998,8.662784340665956e-05,False,max_refreshes,5,3.425565099999403,16,2.764539999999215,0.41065470000012283,1,1
p10_g2_rho0.9_r014,0.9,14,direct_joint,0.7257709600305233,0.31638829952713077,0.06903459934895737,0.11345138292883057,0.1512062792367469,0.12274876290928141,0.3104710329142906,0.31638840401274043,0.4152999271162327,0.004838961644071418,0.0,True,stalled_refreshes,5,2.073474400000123,0,1.2419723000002705,0.4003359000007549,1,1
p10_g2_rho0.9_r014,0.9,14,direct_stagewise,0.7257709600305233,0.31638829952713077,0.06903459934895737,0.11345138292883057,0.1512062792367469,0.12274876290928141,0.3104710329142906,0.31638840401274043,0.4152999271162327,0.004838961644071418,0.0,True,stalled_refreshes,5,1.8023250000005646,0,1.154378799999904,0.3998144000006505,1,1
p10_g2_rho0.9_r014,0.9,14,direct_frozen,0.7257709600305233,0.31638829952713077,0.06903459934895737,0.11345138292883057,0.1512062792367469,0.12274876290928141,0.3104710329142906,0.31638840401274043,0.4152999271162327,0.004838961644071418,0.0,True,stalled_refreshes,5,1.9317023000003246,0,1.239285700000437,0.4299624000004769,1,1
p10_g2_rho0.9_r012,0.9,12,direct_stagewise,0.7692142974020353,0.3101356328670253,0.06571167165454066,0.10785604533620193,0.11587478966524496,0.10931303118582436,0.2999708523925904,0.3103788309353043,0.46924344500944487,0.060258291561726324,3.2245067754920124e-05,False,stalled_refreshes,5,4.608527899999899,6,3.9643038999993223,0.4062284000001455,4,4
p10_g2_rho0.9_r012,0.9,12,direct_frozen,0.7666267716697721,0.3136369597630414,0.06639646384665089,0.10917367444774474,0.11387382543278224,0.10809365054375197,0.30100997915596517,0.3136382283456364,0.46561679251380694,0.059342882782568454,3.1890167467985003e-05,False,stalled_refreshes,5,4.161654000000453,7,3.4948867000002792,0.41417509999973845,4,4
p10_g2_rho0.9_r012,0.9,12,direct_joint,0.7244430282492136,0.29805009098902335,0.062062300877270646,0.10162047845510462,0.11741280496512733,0.10850953981587866,0.2764989162476666,0.29805184356224046,0.447944112001547,0.058088504324289914,2.0465599652575596e-05,False,max_refreshes,5,4.548569300000054,15,3.723439800000051,0.39374360000056186,4,4
p10_g2_rho0.9_r012,0.9,12,augmented_joint,1.173428201251511,0.270308657447355,0.05993856071477268,0.09704951209953849,0.12790681371920753,0.10906448720864902,0.2606534159585673,0.2732367793275484,0.9127747852929436,0.06230803825684529,6.832774185485868e-05,False,max_refreshes,5,3.9632345999998506,16,3.2483283000001393,0.44985240000005433,4,4
p10_g2_rho0.7_r011,0.7,11,augmented_joint,0.9400368646924289,0.1948458335210777,0.028994229807106853,0.04759329179952021,0.1049712138858837,0.030525994478319364,0.1098478209352485,0.19484663018583775,0.8301890437571804,0.11123436601714606,5.4201476144828784e-05,False,max_refreshes,5,3.691325400000096,16,3.0051941000001534,0.42503730000044015,4,7
p10_g2_rho0.7_r011,0.7,11,direct_joint,0.35616539059059704,0.1669758244272692,0.026566441796264273,0.0420930762356605,0.05020240455133892,0.022096313971453417,0.07754945178077205,0.1706107692140195,0.278615938809825,0.08322354659694542,4.925375789339626e-05,False,max_refreshes,5,4.564424400000462,15,3.750031999999919,0.3820735999997851,4,7
p10_g2_rho0.7_r011,0.7,11,direct_stagewise,0.41599062981399015,0.1797571083568842,0.030827215188152107,0.04900823279277697,0.055755022029137194,0.026201913871049046,0.08452547831017387,0.1805907981354078,0.3314651515038163,0.08378505185285641,5.989972350877065e-05,False,max_refreshes,5,3.968283600000177,16,3.2657320999996955,0.4340676000001622,4,7
p10_g2_rho0.7_r011,0.7,11,direct_frozen,0.4117586662681312,0.1789456052231309,0.027723218397319623,0.04438358409835897,0.05760263902890418,0.024636671504775453,0.08031232063297572,0.1790319154130472,0.33144634563515546,0.08021447378516154,7.523855614908219e-05,False,max_refreshes,5,4.560342000000674,12,3.9128318000002764,0.3846000000003187,4,7
p10_g2_rho0.99_r019,0.99,19,direct_joint,1.4187497697883842,0.5499346227800517,0.11877287634806932,0.19355831458184072,0.15976529972426226,0.41158214480719796,0.917081802473429,0.556920894465264,0.5016679673149552,0.026060649397624456,3.2005667398282e-05,False,max_refreshes,5,4.356627499999377,16,3.5336460999997144,0.39236799999980576,4,6
p10_g2_rho0.99_r019,0.99,19,augmented_joint,2.126305009792384,0.5835606770174164,0.13903700755975676,0.23043833052067378,0.2520374498743062,0.461818906311863,1.052479797570797,0.5836183717619617,1.0738252122215872,0.027217917692506716,3.537521829776146e-05,False,max_refreshes,5,3.7750520999998116,16,3.065975399999843,0.4471179000001939,4,6
p10_g2_rho0.99_r019,0.99,19,direct_stagewise,1.446737807749189,0.5617068247495055,0.1194757803032244,0.19519929668722247,0.15524941034951517,0.41184214467011465,0.9529311289314044,0.5673827274849773,0.4938066788177846,0.026108342766469228,2.4545060647749738e-05,False,max_refreshes,5,4.748186899999382,9,4.088382200000524,0.40036789999976463,4,6
p10_g2_rho0.99_r019,0.99,19,direct_frozen,1.4468545238192423,0.5576153959301812,0.11893568015997139,0.1945927454861565,0.14792641936448186,0.41319628802921926,0.9447379820607039,0.5634387901872304,0.5021165417585384,0.026169965819061218,1.8945685620069652e-05,False,max_refreshes,5,5.178655499999877,9,4.514816700000665,0.4130691000000297,4,6
p10_g2_rho0.9_r003,0.9,3,direct_frozen,0.7358792309165629,0.3235884983222394,0.07209337936406886,0.11808724664316039,0.14495453831662347,0.12385048307325114,0.3230327431516362,0.323591432741775,0.4128464877649267,0.07843828296491114,0.00026797193566934234,False,max_refreshes,5,4.508017000000109,12,3.7926290999994308,0.4442579000005935,4,8
p10_g2_rho0.9_r003,0.9,3,direct_stagewise,0.7394216121141994,0.31707672278414023,0.07123634361074872,0.11641539770133459,0.1424986201327881,0.12392810545539935,0.31387643310998603,0.31724774524473426,0.4255451790042134,0.07830930084180185,0.00018010873392189616,False,max_refreshes,5,4.569570900000144,11,3.916385000000446,0.4050032999994073,4,8
p10_g2_rho0.9_r003,0.9,3,direct_joint,0.63484959714906,0.24393725977620345,0.06180949179067986,0.10071222184625123,0.12995306941225832,0.11247076925250984,0.24335424982953713,0.24553260578434527,0.39149534731952285,0.0717417847110888,0.0001404663454488322,False,max_refreshes,5,4.366545500000029,14,3.4984473000004073,0.41051080000033835,4,8
p10_g2_rho0.9_r003,0.9,3,augmented_joint,1.2338357010813663,0.300096636366205,0.0691894539308257,0.11401771105873969,0.15524385982986588,0.120874647110411,0.2970181298351045,0.3004271412880605,0.9368175712462619,0.07068369202270547,0.0002303688557472805,False,max_refreshes,5,3.7631316000006336,15,3.132600499999171,0.39281130000017583,4,8
p10_g2_rho0.7_r013,0.7,13,direct_stagewise,0.41095650855354116,0.16670270911812407,0.035079524816320665,0.05605739688718656,0.06857297233228904,0.029442081598063552,0.09207742398381186,0.1703633382634367,0.3188790845697293,0.13818896918869183,0.0002721820685861582,False,max_refreshes,5,4.594686899999942,11,3.949040999999852,0.40273439999964467,4,7
p10_g2_rho0.7_r013,0.7,13,direct_joint,0.34985878505416146,0.15095471991341008,0.029657408068710665,0.047366352405862594,0.048091880287996304,0.024392567451027317,0.07537672997378345,0.1517339724781799,0.27448205508037804,0.14665661343520117,0.00011623766931975072,False,max_refreshes,5,4.883491200000208,14,4.0227365000000646,0.40281620000041585,4,7
p10_g2_rho0.7_r013,0.7,13,augmented_joint,0.8983788078270898,0.20224323527117027,0.033169480819297006,0.05391385519222025,0.04688803677396294,0.05307246935190291,0.1518493741576533,0.20386073751154374,0.7465294336694365,0.14938260395455297,0.000256343653348409,False,max_refreshes,5,3.4905167999995683,16,2.831255500000225,0.41012120000050345,4,7
p10_g2_rho0.7_r013,0.7,13,direct_frozen,0.4074788863586356,0.15966324735663767,0.03468086538569829,0.05496839818669069,0.06963649569832775,0.029379568301785442,0.08694040421273062,0.16345527569534524,0.32053848214590497,0.13712504961145147,0.00013284953806212344,False,max_refreshes,5,4.2907789000000776,12,3.6595202999997127,0.3885043999998743,4,7
p10_g2_rho0.7_r016,0.7,16,direct_frozen,0.5670463133716197,0.21566590994960266,0.03698016536562441,0.06068043114933656,0.09771397869604528,0.04194014766842214,0.12642866353988214,0.2194057246765307,0.44061764983173757,0.062251584488675696,0.0,True,stalled_refreshes,5,1.755176399999982,0,1.1366929000005257,0.3806029999996099,1,1
p10_g2_rho0.7_r016,0.7,16,direct_joint,0.5670463133716197,0.21566590994960266,0.03698016536562441,0.06068043114933656,0.09771397869604528,0.04194014766842214,0.12642866353988214,0.2194057246765307,0.44061764983173757,0.062251584488675696,0.0,True,stalled_refreshes,5,1.9182870000004186,0,1.1035283999999592,0.37997919999997976,1,1
p10_g2_rho0.7_r016,0.7,16,direct_stagewise,0.5670463133716197,0.21566590994960266,0.03698016536562441,0.06068043114933656,0.09771397869604528,0.04194014766842214,0.12642866353988214,0.2194057246765307,0.44061764983173757,0.062251584488675696,0.0,True,stalled_refreshes,5,1.708431400000336,0,1.0978304000000207,0.37848919999942154,1,1
p10_g2_rho0.7_r016,0.7,16,augmented_joint,1.1592071040767102,0.1528078810368848,0.05423427550807998,0.05644280250532697,0.06591391116454244,0.031601154260094355,0.23361193245237033,0.29079054138363497,0.9255951716243399,0.10469849283526457,5.848983728487512e-05,False,max_refreshes,5,3.753147899999931,16,3.106302300000607,0.40446960000008403,1,1
p10_g2_rho0.9_r015,0.9,15,direct_stagewise,0.48689167337852446,0.2411563952795401,0.04840955073469828,0.07548326024355576,0.07842522457997407,0.06168244694936154,0.18331073432324602,0.24249301392255668,0.30358093905527844,0.11547336081845591,0.00014986229326385857,False,max_refreshes,5,4.906647099999645,11,4.249002599999585,0.40568720000010217,4,8
p10_g2_rho0.9_r015,0.9,15,augmented_joint,0.8011389410076326,0.12702187010702135,0.03336541374859102,0.046089535950432546,0.04969209333592634,0.056339608496192795,0.10715066805849847,0.14645407312255698,0.6939882729491341,0.1242114317416454,0.00010748094128457715,False,max_refreshes,5,3.6136790000000474,16,2.9497283999999127,0.41076710000015737,4,8
p10_g2_rho0.9_r015,0.9,15,direct_frozen,0.47767622386179376,0.23598685160070423,0.04750969597597354,0.07391984167518241,0.07806049143930086,0.06146191925946049,0.17602657078389777,0.23706555747707467,0.301649653077896,0.11480248918222884,0.00022131085307103016,False,max_refreshes,5,4.6350720999998885,12,3.983732400000008,0.4021543999997448,4,8
p10_g2_rho0.9_r015,0.9,15,direct_joint,0.39815903846563927,0.17699437554851957,0.039252839420920484,0.06198948258189524,0.062038628981430165,0.05695083538058721,0.12324982238235849,0.1818605459218715,0.2749092160832808,0.11525861466695134,0.00011162494947554761,False,max_refreshes,5,4.641693000000487,13,3.7754109000006792,0.4028788000005079,4,8
p10_g2_rho0.9_r018,0.9,18,augmented_joint,1.262286831045568,0.34009317848247617,0.07121091822393263,0.10932196144831531,0.16646229644279467,0.14852014665147575,0.32743366131154433,0.3451314309555751,0.9348531697340237,0.08969342292534015,0.0001599447977147497,False,max_refreshes,5,3.640599299999849,16,3.001969800000552,0.39637839999977587,4,9
p10_g2_rho0.9_r018,0.9,18,direct_stagewise,0.6719225133567832,0.29231217452278074,0.06522283106883067,0.10458358100946723,0.12190010332578306,0.09026441598775947,0.2671234929394352,0.2970972849034479,0.404799020417348,0.08040754681005045,7.457399856348356e-05,False,max_refreshes,5,4.890075400000569,10,4.24861509999937,0.40089029999944614,4,9
p10_g2_rho0.9_r018,0.9,18,direct_joint,0.5673700054176329,0.25142790866567016,0.04829935908076884,0.07737402462263472,0.0653663538573178,0.06598190737499998,0.176859068431025,0.2534263627721341,0.39051093698660794,0.08924961473202692,0.00010748268172699887,False,max_refreshes,5,4.001310200000262,15,3.1743153000006714,0.3850160000001779,4,9
p10_g2_rho0.9_r018,0.9,18,direct_frozen,0.6649296904449109,0.2984759008125863,0.06121932290761926,0.09692013252744751,0.09672165867979565,0.08057547636173476,0.2550308874897427,0.30267216652163037,0.40989880295516823,0.0815877570226008,0.00010092885434425987,False,max_refreshes,5,4.433253400000467,12,3.7860396000005494,0.4039037000002281,4,9
p10_g2_rho0.99_r010,0.99,10,direct_frozen,1.7316537073807918,0.5743272269740824,0.1294846282807595,0.21551999211442618,0.38652354748313583,0.45067716242556793,1.0366809898499985,0.5743275533262884,0.6949727175307934,0.05742555286910235,7.072735508708578e-05,False,stalled_refreshes,5,3.830718799999886,4,3.2029796999995597,0.384890300000734,4,6
p10_g2_rho0.99_r010,0.99,10,direct_joint,1.701043928816425,0.5793591272974219,0.1305815794060025,0.21728365981759748,0.38821386325658647,0.45005382062497534,1.0175570812412553,0.5793895390089593,0.6834868475751696,0.05617551766745284,1.815739660295359e-05,False,max_refreshes,5,3.7700817000004463,16,2.917611699999725,0.39990899999975227,4,6
p10_g2_rho0.99_r010,0.99,10,augmented_joint,2.124362913338979,0.519716429886767,0.11640491842162867,0.18777690742158618,0.38579661137375054,0.4457854629633603,0.871959408545306,0.5223112260422633,1.2524035047936732,0.052745815213092344,0.00016424239486161112,False,max_refreshes,5,3.6770770000002813,15,3.050732199999402,0.39126889999988634,4,6
p10_g2_rho0.99_r010,0.99,10,direct_stagewise,1.7351065949714375,0.568908763373092,0.12791994289817143,0.21266071801397488,0.3839927130115559,0.45121296620478396,1.0192184393809658,0.5690587641090117,0.7158881555904717,0.05752666374838819,5.40128088808916e-05,False,stalled_refreshes,5,3.391958999999588,4,2.747716099999707,0.40228969999952824,4,6
p10_g2_rho0.9_r017,0.9,17,direct_frozen,0.7929347923621748,0.30597100449144454,0.07080879098063085,0.11612494992756517,0.1726232329692524,0.12163200034146264,0.3175939370149749,0.30878722533641534,0.4753408553471999,0.09861047363555407,9.497383475436403e-05,False,max_refreshes,5,4.333292499999516,11,3.694507899999735,0.39257610000004206,3,3
p10_g2_rho0.9_r017,0.9,17,augmented_joint,1.408213898212292,0.31359979704641605,0.06787797054919856,0.11066915776981377,0.1587753550256733,0.11750114970311165,0.29262662063573175,0.313902097752603,1.1155872775765603,0.10011275781572064,3.724679672830459e-05,False,max_refreshes,5,3.5141192000000956,16,2.859855200000311,0.4073558000000048,3,3
p10_g2_rho0.9_r017,0.9,17,direct_joint,0.7460752765458629,0.3100974603442842,0.0695141830120357,0.11430349013332923,0.16815651451788038,0.11948287373939029,0.3005530733165095,0.3101088237642981,0.44552220322935343,0.10002246247657579,7.295458079352121e-05,False,max_refreshes,5,4.5251432999993995,14,3.6814542000001893,0.3918599999997241,3,3
p10_g2_rho0.9_r017,0.9,17,direct_stagewise,0.8066425014194394,0.3015611473673336,0.06331025493009919,0.10320958919871354,0.14290193003502194,0.10677938781403463,0.3051381290908586,0.3042188409437283,0.5015043723285808,0.09935114110200638,8.109415578850622e-05,False,max_refreshes,5,4.5438302000002295,10,3.8984982000001764,0.4034729000004518,3,3
p10_g2_rho0.9_r019,0.9,19,augmented_joint,1.6257097452304716,0.3830235490289655,0.10670469809569243,0.16401729557935832,0.3422287837094271,0.19680026967073871,0.5139150859392957,0.3896691521864859,1.111794659291176,0.15378381292873639,0.00029420403234130363,False,max_refreshes,5,3.7929039000000557,15,3.1586552999997366,0.3918896000004679,4,8
p10_g2_rho0.9_r019,0.9,19,direct_frozen,1.1268573680435843,0.4401091864693479,0.10735218305341807,0.1748960409732112,0.2987148104292605,0.17351924931428853,0.6139682768850379,0.44878901516781167,0.5128890911585464,0.1370567982091275,4.6508284783582285e-05,False,max_refreshes,5,4.782348699999602,14,4.137038800000482,0.3998317000005045,4,8
p10_g2_rho0.9_r019,0.9,19,direct_stagewise,1.1313595864615067,0.4419061383838945,0.11140386207926974,0.18211077628926206,0.31532432504332714,0.17555764221492,0.6220994885673039,0.4503491986534793,0.5092600978942028,0.13895787580479207,0.00022579480912174234,False,max_refreshes,5,4.853338699999767,10,4.2062529999993785,0.4040878999994675,4,8
p10_g2_rho0.9_r019,0.9,19,direct_joint,1.0543147731363085,0.436201562644184,0.10319908767257024,0.1688573849981839,0.2947246538318601,0.16959837039117256,0.5905232251440004,0.4440489396777116,0.46379154799230815,0.13295058189040856,0.00011718896127315236,False,max_refreshes,5,4.506186599999637,15,3.585092799999984,0.4362270999999964,4,8
p10_g2_rho0.99_r008,0.99,8,augmented_joint,2.8087230019481844,0.5826976143515294,0.1234149721539964,0.2005522966782818,0.5615804614337466,0.7688791169487194,1.0707997149435782,0.5837915383212767,1.7379232870046062,0.040560741241519094,8.686898154227856e-05,False,max_refreshes,5,3.7089677000003576,15,3.082093900000473,0.3917424999999639,4,10
p10_g2_rho0.99_r008,0.99,8,direct_joint,2.272925237667735,0.6613628554568711,0.15845019599566051,0.2614159189960026,0.5430549243524371,0.8000007622666339,1.3372856420086072,0.6614091730876079,0.9356395956591279,0.0431740591755393,0.00018674709557025336,False,max_refreshes,5,4.824980600000345,12,3.9135913000000073,0.4312085000001389,4,10
p10_g2_rho0.99_r008,0.99,8,direct_frozen,2.3057391454269833,0.6687070603445406,0.1636939250743386,0.27000474412900505,0.5353292223207096,0.8063011683156549,1.4023861334001564,0.6687732809253992,0.9033530120268269,0.041571956847214465,0.0001976657477899996,False,max_refreshes,5,4.734887799999342,10,4.09754299999986,0.3962469999996756,4,10
p10_g2_rho0.99_r008,0.99,8,direct_stagewise,2.311433024461806,0.6653525002333786,0.15834184502710377,0.2608379473992853,0.542059882753127,0.7988694582240006,1.3812857446543116,0.6654268155807884,0.9301472798074943,0.041531977770130526,0.0001720098058403788,False,max_refreshes,5,4.406098700000257,11,3.780398800000512,0.3922849000000497,4,10
p10_g2_rho0.7_r014,0.7,14,direct_stagewise,0.5479938165687344,0.21163184256556702,0.039717008518279154,0.06479581298007206,0.10135745336160404,0.0474182688460015,0.13281576939387688,0.21209874825921213,0.4151780471748575,0.07638131385832457,0.0,True,stalled_refreshes,5,1.9171140999997078,0,1.226852300000246,0.42880259999947157,1,1
p10_g2_rho0.7_r014,0.7,14,direct_joint,0.5479938165687344,0.21163184256556702,0.039717008518279154,0.06479581298007206,0.10135745336160404,0.0474182688460015,0.13281576939387688,0.21209874825921213,0.4151780471748575,0.07638131385832457,0.0,True,stalled_refreshes,5,1.9990907000001243,0,1.1528315999994447,0.3964374000006501,1,1
p10_g2_rho0.7_r014,0.7,14,direct_frozen,0.5479938165687344,0.21163184256556702,0.039717008518279154,0.06479581298007206,0.10135745336160404,0.0474182688460015,0.13281576939387688,0.21209874825921213,0.4151780471748575,0.07638131385832457,0.0,True,stalled_refreshes,5,1.9091269000000466,0,1.2240779000003386,0.4235984000006283,1,1
p10_g2_rho0.7_r014,0.7,14,augmented_joint,1.2404763336158648,0.2282988310352362,0.045684237435579866,0.07203671966151358,0.035704246240217355,0.038622099531139424,0.18027465016591906,0.23049737443225896,1.0602016834499457,0.08330322687228534,5.5340092522965914e-05,False,max_refreshes,5,3.720493799999531,16,3.0211976999999024,0.44035879999955796,1,1
p10_g2_rho0.99_r011,0.99,11,direct_joint,1.4825523070886835,0.5563158676071547,0.12480459089820614,0.2039745509829897,0.07144571324636634,0.5134010450771365,0.9198395990481301,0.5630777509258418,0.5627127080405534,0.017742069015850865,5.6465050452194853e-05,False,max_refreshes,5,4.654775899999549,13,3.842449900000247,0.38067010000031587,4,9
p10_g2_rho0.99_r011,0.99,11,augmented_joint,2.0136299773944764,0.5109948648686959,0.1373061514771347,0.22108611893244698,0.22630148232072184,0.5386449613248986,0.8706847560492269,0.5145999895792768,1.1429452213452493,0.018359717091323346,5.0417053156704375e-05,False,max_refreshes,5,3.5942714000002525,16,2.8914143000001786,0.4420876000003773,4,9
p10_g2_rho0.99_r011,0.99,11,direct_stagewise,1.5183594622540593,0.5542222157749428,0.12827100163239785,0.20935178840782154,0.08732800465632322,0.5169690089831582,0.9571604909110797,0.5604977935117077,0.5611989713429796,0.01776161252319781,9.158635043658532e-05,False,stalled_refreshes,5,5.287865700000111,8,4.673049600000013,0.37768899999991845,4,9
p10_g2_rho0.99_r011,0.99,11,direct_frozen,1.5154462085791849,0.5629962324273996,0.12982573664204541,0.21138027781880334,0.07697423920139056,0.5151987063860796,0.9742707449388497,0.5695147169009609,0.5411754636403352,0.016994604561868756,2.143561344668381e-05,False,max_refreshes,5,4.737048999999388,10,4.091844900000069,0.3982551999997668,4,9
p10_g2_rho0.7_r001,0.7,1,direct_frozen,0.2320852744254598,0.08824220669962088,0.019270718283443403,0.027207038467741695,0.02224711622346945,0.013331112368038316,0.03740382219311947,0.09713733107250351,0.19468145223234032,0.04960463554395828,0.00016890743878301032,False,stalled_refreshes,5,4.177160699999149,9,3.548615400000017,0.3859362000002875,4,8
p10_g2_rho0.7_r001,0.7,1,augmented_joint,0.826785808481052,0.16798595335953848,0.02709501105976626,0.04027319002498505,0.031165031248456314,0.014119386537402781,0.08775495986617098,0.17503028674512913,0.739030848614881,0.04699595334198156,0.0001370242048781915,False,max_refreshes,5,3.4981824999995297,16,2.8375030999995943,0.4076568000000407,4,8
p10_g2_rho0.7_r001,0.7,1,direct_stagewise,0.23119908691236013,0.0776658275351958,0.01734217304502931,0.025187807373015108,0.02096012184909047,0.013259225034337536,0.032284111343316366,0.08923077036913002,0.19891497556904375,0.04781170787114387,0.00015571334440382073,False,stalled_refreshes,5,4.3638269000002765,6,3.7308050999999978,0.39040339999974094,4,8
p10_g2_rho0.7_r001,0.7,1,direct_joint,0.19058742583477084,0.07204351753836048,0.01579249364834487,0.02165024384939851,0.013936140236394398,0.010266485852186735,0.033171491279770746,0.08555391865481389,0.15741593455500008,0.047882875371960225,0.0002853500233529193,False,max_refreshes,5,4.689015400000244,15,3.8305598000006285,0.4015300000000934,4,8
p10_g2_rho0.99_r017,0.99,17,direct_stagewise,2.093197044572907,0.6456717131073882,0.12439562516065372,0.2016096681097966,0.4065971897751078,0.45583773927112387,1.3349514304447034,0.6506715059755184,0.7582456141282037,0.04063309269975959,8.05027637103578e-05,False,stalled_refreshes,5,3.75117229999978,4,3.1264233000001695,0.38227329999972426,4,8
p10_g2_rho0.99_r017,0.99,17,direct_joint,2.0582620593788423,0.6459442036103389,0.12256310506626819,0.19683303256014106,0.40759111125009934,0.4435329346826589,1.3209644420454487,0.6545785717217796,0.7372976173333936,0.041138012665981445,3.789072120353374e-05,False,max_refreshes,5,4.5650611999999455,14,3.7184692999999243,0.40143280000029335,4,8
p10_g2_rho0.99_r017,0.99,17,direct_frozen,2.0853611918026385,0.6546073938407126,0.12455300886464049,0.20179256824045877,0.40569908530559534,0.4531537981637217,1.3690308940889955,0.6595786020449624,0.716330297713643,0.04094728758517183,9.174958256742741e-05,False,stalled_refreshes,5,3.7369541000007303,4,3.1209490000001097,0.38323729999956413,4,8
p10_g2_rho0.99_r017,0.99,17,augmented_joint,2.683534059092615,0.6192895112614535,0.11653957386842731,0.19358328385542248,0.4159900345916999,0.5017842231143602,1.247584267930606,0.6230255534315591,1.4359497911620092,0.042156345540808146,5.449683321702047e-05,False,max_refreshes,5,3.5108859000001758,16,2.8645603000004485,0.40888919999997597,4,8
p10_g2_rho0.99_r000,0.99,0,direct_joint,1.8238631135935872,0.647175001772686,0.1343372793716473,0.20983905045132278,0.36991794994544375,0.5479654952787579,1.2784717652128996,0.6609616509159815,0.5453913483806876,0.15236591400218702,2.6589878200031127e-05,False,max_refreshes,5,5.062329999999747,13,4.212435399999777,0.40058550000048854,4,10
p10_g2_rho0.99_r000,0.99,0,augmented_joint,2.4121693605837464,0.6319311487189104,0.15753755899613087,0.26001634019731173,0.43308023963133874,0.5590092223564815,1.2505993658903825,0.6437604367645686,1.161569994693364,0.15550194525708702,4.8925798414624226e-05,False,max_refreshes,5,3.7405029999999897,15,3.1141022000001612,0.3921602999998868,4,10
p10_g2_rho0.99_r000,0.99,0,direct_stagewise,1.8538911266593434,0.6575054420424173,0.14143461978655192,0.2220875058226285,0.38143637367502853,0.5483931722231009,1.321639600527094,0.6718409358923962,0.5322515261322494,0.1490473057978253,1.4641321152659092e-05,False,max_refreshes,5,4.882740500000182,11,4.245220200000404,0.39949000000069645,4,10
p10_g2_rho0.99_r000,0.99,0,direct_frozen,1.843834357582045,0.6538917419415733,0.13598334219536215,0.2132356862347483,0.3679048843080369,0.5472335999988935,1.3079093121813656,0.66770846211485,0.5359250454006794,0.1499191279676404,2.0441767346625256e-05,False,stalled_refreshes,5,4.094631899999513,6,3.4673628000000463,0.3891151000007085,4,10
p10_g2_rho0.7_r017,0.7,17,augmented_joint,0.945164972652611,0.1690554727250784,0.03516104028320227,0.05708872946969342,0.07038268480194675,0.035269830593952785,0.10347953269919816,0.17813584387228712,0.8416854399534128,0.03604780880630809,0.00014398390869042838,False,max_refreshes,5,3.475416700000096,16,2.807671200000186,0.411457999999584,4,8
p10_g2_rho0.7_r017,0.7,17,direct_stagewise,0.39075353632865095,0.17841697048878424,0.041771121624969335,0.06556035811975351,0.07225476319139311,0.04152719106096282,0.1353787872227489,0.19264104538930843,0.2553747491059021,0.03306266587165167,0.0003985517385310621,False,stalled_refreshes,5,4.405745600000046,11,3.771241600000394,0.3895283000001655,4,8
p10_g2_rho0.7_r017,0.7,17,direct_frozen,0.3870411828801874,0.17865151431760617,0.04125041072316402,0.06386969955457274,0.07022548976622885,0.04040884140494884,0.1332474071656575,0.19314280244045728,0.2537937757145299,0.03311580566323584,0.00030857204445289987,False,max_refreshes,5,4.4417528000003585,12,3.7944768999996086,0.39948050000020885,4,8
p10_g2_rho0.7_r017,0.7,17,direct_joint,0.3159905368303946,0.1455517416674585,0.033793459407312876,0.05195654050759165,0.0638741281303845,0.03705051588762397,0.09344406164668682,0.15516421832381444,0.22254647518370774,0.03457253463885236,0.0002571064157071655,False,max_refreshes,5,4.574017500000082,14,3.7251282999995965,0.3952115000001868,4,8
p10_g2_rho0.9_r001,0.9,1,direct_stagewise,0.8010042225540168,0.3441700046442391,0.06825830328899782,0.1128377598037887,0.14065896420467783,0.11375284186206527,0.3725154522367668,0.34487566508238915,0.42848877031725,0.09968499530621738,0.00010845801321737873,False,max_refreshes,5,4.873535799999445,8,4.2291746000000785,0.39809080000031827,4,7
p10_g2_rho0.9_r001,0.9,1,augmented_joint,1.2900236758822743,0.3143643350685234,0.06355142043530068,0.10373102322453294,0.14080612087527802,0.11026088022010395,0.34217531177807986,0.31831694239656694,0.9478483641041944,0.09957624094689495,0.00015094597716572286,False,max_refreshes,5,3.6480341000005865,16,3.006143599999632,0.4018347999999605,4,7
p10_g2_rho0.9_r001,0.9,1,direct_frozen,0.7927889320373858,0.34388012337181995,0.06909575736040424,0.11437126959257171,0.1511698973691563,0.11802848849084875,0.36930422372803257,0.34443110302482066,0.4234847083093532,0.09796469388456307,0.00010956301046302213,False,max_refreshes,5,4.603990100000374,10,3.914346900000055,0.4217795999993541,4,7
p10_g2_rho0.9_r001,0.9,1,direct_joint,0.7743541574427475,0.3449608103576595,0.06691544627841833,0.11067585747463092,0.14549567068160782,0.11413669423957482,0.3593138478062222,0.3458668220685785,0.4150403096365253,0.09856116702050848,3.8043392577725124e-05,False,max_refreshes,5,5.134718700000121,10,4.28880560000016,0.3974847999998019,4,7
p10_g2_rho0.7_r003,0.7,3,direct_joint,0.551580409085517,0.21017438575341296,0.03955420028329283,0.06333873565041948,0.08918048325700195,0.03792784146081128,0.13182646567718073,0.21023494662959963,0.41975394340833627,0.10691889990199084,2.195216862462776e-05,False,max_refreshes,5,4.190732900000512,15,3.3617487999999867,0.38453930000014225,4,6
p10_g2_rho0.7_r003,0.7,3,direct_frozen,0.6231983992639858,0.24336642258609884,0.045186593417064894,0.07423353918476915,0.09905646198530421,0.04018657187330732,0.1632678816460184,0.24417880101712708,0.4599305176179674,0.10370612579363785,8.201742113827013e-05,False,max_refreshes,5,4.164338499999758,12,3.5201271000005363,0.39845400000012887,4,6
p10_g2_rho0.7_r003,0.7,3,augmented_joint,1.2584152270712963,0.2115794887263036,0.05378128029465812,0.05308900955712403,0.05723876442266956,0.06416201161045094,0.28623118691624927,0.2775547400393688,0.972184040155047,0.11303180342993455,0.00019568906527554696,False,max_refreshes,5,3.8351422000005186,15,3.1925776000007318,0.4021015999996962,4,6
p10_g2_rho0.7_r003,0.7,3,direct_stagewise,0.6369605783217018,0.24050014205692605,0.03969133262597775,0.06577731933676562,0.09929312017985838,0.042236784491337304,0.1633781555744899,0.24053105281567932,0.47358242274721196,0.1050352451064752,0.00016449624579513317,False,max_refreshes,5,4.08863459999975,12,3.444944299999406,0.39924709999922925,4,6
p10_g2_rho0.99_r006,0.99,6,augmented_joint,2.4766181252063717,0.6431579401154282,0.18655312942544477,0.30757624699033814,0.4494265783921816,0.6383476988366673,1.2420820832473407,0.6431582078615621,1.234536041959031,0.05205297580864046,0.0003015237637437405,False,max_refreshes,5,3.5526498999997784,16,2.8977345999992394,0.4110843999997087,4,8
p10_g2_rho0.99_r006,0.99,6,direct_joint,1.9591439382831908,0.6492915561495249,0.18494443197841068,0.3060013411200602,0.4506407452418223,0.6345489864461419,1.2228411034064515,0.6492917905433696,0.7363028348767393,0.05362534311431504,7.738014418363956e-05,False,max_refreshes,5,3.825297700000192,16,2.915237199999865,0.4262394999996104,4,8
p10_g2_rho0.99_r006,0.99,6,direct_frozen,2.0557663376493718,0.6679823671950444,0.19382628404323526,0.321192368695332,0.4385408036586773,0.6437597106616857,1.3399245170443284,0.6679826389106496,0.7158418206050434,0.051501689628517026,0.00016016479280600983,False,max_refreshes,5,3.832524399999784,14,3.1967698999997083,0.39100319999943167,4,8
p10_g2_rho0.99_r006,0.99,6,direct_stagewise,2.060052183156813,0.6697800171392332,0.19491452917006158,0.32230102912746555,0.4411072740524404,0.6448553614628976,1.3494621354685221,0.6697802909963207,0.7105900476882909,0.05174861557859919,0.00011599191087545161,False,max_refreshes,5,4.289174699999421,13,3.6356724999996004,0.4064669999997932,4,8
p10_g2_rho0.99_r012,0.99,12,direct_stagewise,2.015890113606943,0.6406048481350429,0.16765264492576978,0.2762913155555833,0.48040486452695247,0.4844888398142647,1.282331876144824,0.6406222013650326,0.7335582374621192,0.1637568683320404,0.00011363050701106655,False,stalled_refreshes,5,4.906954500000211,9,4.26516619999984,0.4005383999992773,4,7
p10_g2_rho0.99_r012,0.99,12,augmented_joint,2.594299373696435,0.6207308604237837,0.21894523905370322,0.309554899514577,0.5702000291405966,0.48689006809466123,1.451362724847741,0.6453270381872476,1.142936648848694,0.19420651741406209,0.00016185977968489012,False,max_refreshes,5,3.686706700000286,16,3.0362747999997737,0.4047127999992881,4,7
p10_g2_rho0.99_r012,0.99,12,direct_frozen,2.001269060637574,0.6375602279155944,0.15782509717607768,0.25945427807853233,0.4600427774323949,0.4845987135812486,1.2561475052978217,0.6375804387909898,0.7451215553397521,0.16305696938920125,6.943751689369482e-05,False,max_refreshes,5,4.57144210000024,10,3.9176362999996854,0.3947408000003634,4,7
p10_g2_rho0.99_r012,0.99,12,direct_joint,1.958583387943312,0.6313072104329274,0.16162655004618556,0.26429070785661674,0.4725434174403374,0.4817598512010341,1.2290604493660608,0.6319099038835807,0.7295229385772513,0.16223087343250855,0.00014996837538264017,False,max_refreshes,5,4.145451899999898,15,3.2909458000003724,0.40013420000013866,4,7
p10_g2_rho0.9_r000,0.9,0,direct_stagewise,1.1561297151360357,0.36874772140194595,0.06353505947318612,0.10507272045983439,0.16797464479334703,0.1416503886937797,0.41781177963130595,0.37541000536016467,0.7383179355047298,0.084654014931381,8.827745110057688e-05,False,max_refreshes,5,3.674952399999711,15,3.061282900000151,0.38051480000012816,4,9
p10_g2_rho0.9_r000,0.9,0,direct_frozen,1.1520210903215364,0.3797993205301845,0.0682231560944335,0.11314583175465137,0.19013640383324273,0.1391883980595668,0.4284380529707235,0.3802510441623251,0.723583037350813,0.0812944019642583,9.981652146402952e-05,False,max_refreshes,5,4.056960199999594,13,3.3707366000007823,0.42667729999993753,4,9
p10_g2_rho0.9_r000,0.9,0,direct_joint,1.1045635267418383,0.3589089259350917,0.06090098639034301,0.1003211579401483,0.1470290980554642,0.13083479146100538,0.3944270146665133,0.3589167353418514,0.710136512075325,0.08773556589956845,3.669326232576766e-05,False,max_refreshes,5,4.5984086000007665,13,3.7624931999998807,0.3908989000001384,4,9
p10_g2_rho0.9_r000,0.9,0,augmented_joint,1.6388293464230603,0.32398396855451167,0.05631387665894842,0.08453551394023993,0.1322310383317719,0.12721324495500533,0.37738529714663427,0.3280421379139894,1.261444049276426,0.12329619982506228,4.115013188978086e-05,False,max_refreshes,5,3.585932099999809,16,2.890613900000062,0.43100850000064383,4,9
p10_g2_rho0.7_r005,0.7,5,direct_stagewise,0.2390933050775601,0.11215680067976225,0.020499423946673926,0.032902490493910724,0.02565358836513716,0.013633538295370368,0.041439816060274366,0.11215686015587832,0.19765348901728574,0.1488860223653437,0.0001800946312594415,False,max_refreshes,5,4.552882799999679,11,3.9170389000000796,0.3935040000005756,4,7
p10_g2_rho0.7_r005,0.7,5,direct_joint,0.19148499759767468,0.09193327684527773,0.016671332640398995,0.026364566504167426,0.01703232340871557,0.011815956892876131,0.030111440419574816,0.0943986727508914,0.16137355717809987,0.15062767337440508,0.0001684628812013271,False,max_refreshes,5,3.9464716000002227,15,3.099195200000395,0.39915670000027603,4,7
p10_g2_rho0.7_r005,0.7,5,direct_frozen,0.23768467029837126,0.11568262619473862,0.02072260341160408,0.03372570368511505,0.026145317649190477,0.013693296387218487,0.04330095575639597,0.11568267653531038,0.19438371454197528,0.14977190512933647,0.0001674676674229034,False,max_refreshes,5,4.716471199999432,13,4.063400900000488,0.40243680000003224,4,7
p10_g2_rho0.7_r005,0.7,5,augmented_joint,0.7371445871736935,0.1182299439616264,0.01983509863246184,0.030936517304927868,0.024608398807263017,0.01670660249519515,0.04690526685221987,0.11832337318733537,0.6902393203214736,0.15900431074132673,0.00019177618245918782,False,max_refreshes,5,3.468452900000557,16,2.813855600000352,0.4050068000005922,4,7
p10_g2_rho0.7_r019,0.7,19,direct_joint,0.27202527127585086,0.10783573144282635,0.01758299274632976,0.028615608670884463,0.018551369924599152,0.015516972657676695,0.034410087293740385,0.10783611286483398,0.23761518398211046,0.08858747716964124,0.0,True,stalled_refreshes,5,2.081326900000022,0,1.225413799999842,0.42043940000075963,1,1
p10_g2_rho0.7_r019,0.7,19,augmented_joint,0.8704798588890661,0.1552849559654746,0.02584464528943533,0.03930517102778417,0.019877291461663876,0.015800316137435204,0.06658059235560243,0.1552853088148882,0.8038992665334637,0.08649371622827126,3.5968482074190075e-05,False,max_refreshes,5,3.591397500000312,16,2.935952200000429,0.39548329999979615,1,1
p10_g2_rho0.7_r019,0.7,19,direct_stagewise,0.27202527127585086,0.10783573144282635,0.01758299274632976,0.028615608670884463,0.018551369924599152,0.015516972657676695,0.034410087293740385,0.10783611286483398,0.23761518398211046,0.08858747716964124,0.0,True,stalled_refreshes,5,1.8516239000000496,0,1.1867966999998316,0.4034200000005512,1,1
p10_g2_rho0.7_r019,0.7,19,direct_frozen,0.27202527127585086,0.10783573144282635,0.01758299274632976,0.028615608670884463,0.018551369924599152,0.015516972657676695,0.034410087293740385,0.10783611286483398,0.23761518398211046,0.08858747716964124,0.0,True,stalled_refreshes,5,1.8445900999995501,0,1.2019482000005155,0.40631699999994453,1,1
p10_g2_rho0.7_r006,0.7,6,direct_stagewise,0.29313462840662297,0.1124125814748199,0.024865093581348082,0.03885419087919262,0.04407765359660357,0.022041236966302315,0.05703715415147638,0.1169505043820493,0.2360974742551466,0.05482012164258012,0.0002466688562254177,False,max_refreshes,5,4.657401599999503,11,4.007541300000412,0.4035879000002751,4,8
p10_g2_rho0.7_r006,0.7,6,direct_joint,0.24411059258615175,0.09614883079324818,0.020515268497227988,0.03061537137006019,0.025909503243311684,0.019426712877118307,0.05088441430709077,0.1069146192149612,0.19322617827906097,0.056172753465770255,0.0002198809776960093,False,max_refreshes,5,5.159660899999835,12,4.247673599999871,0.43198019999999815,4,8
p10_g2_rho0.7_r006,0.7,6,augmented_joint,0.8525963306427435,0.10969674127503343,0.018687555110459025,0.03017429783741137,0.04558876641009656,0.03147538516146449,0.05983526207972141,0.1123783513302182,0.7927610685630221,0.05688046741773785,0.00013649646650725674,False,max_refreshes,5,3.670986900000571,16,3.0202613999999812,0.3937619000007544,4,8
p10_g2_rho0.7_r006,0.7,6,direct_frozen,0.2928265041100211,0.1169688449325467,0.025677287574130854,0.040151075143445264,0.04756274542207709,0.02351188794319694,0.05910312925874277,0.1215364837446405,0.2337233748512783,0.05517144987280082,0.0002542300380718176,False,max_refreshes,5,4.926214200000686,11,4.243385899999339,0.42630370000006224,4,8
p10_g2_rho0.99_r009,0.99,9,augmented_joint,2.0678402693364966,0.5309596244272553,0.14548595246379592,0.21587952189966972,0.10577888900534957,0.5510567580248503,0.944895872877166,0.5531576560234384,1.1229443964593306,0.08579817711538916,9.673320037137216e-05,False,max_refreshes,5,3.3996094999993147,16,2.7666338999997606,0.3946568000001207,4,9
p10_g2_rho0.99_r009,0.99,9,direct_stagewise,1.5454970264719972,0.5452528890533682,0.12510686329660023,0.20209927097270106,0.09307501959599913,0.5351791014239433,0.8920242831425603,0.551544184957982,0.6534727433294368,0.0777220124040832,7.826419574447881e-05,False,stalled_refreshes,5,3.7850656000000527,4,3.0956985000002533,0.42675469999994675,4,9
p10_g2_rho0.99_r009,0.99,9,direct_joint,1.531593883410583,0.5479393835419303,0.12309397427904656,0.1986353140012103,0.08981959595289285,0.5331066363093834,0.8710481282775582,0.5526965155668959,0.6605457551330247,0.07927501873320272,5.5112782573928955e-05,False,max_refreshes,5,4.626741000000038,13,3.7186283000000913,0.42852769999990414,4,9
p10_g2_rho0.99_r009,0.99,9,direct_frozen,1.543281826081719,0.5465400564943594,0.12628856487675555,0.20442501036104643,0.09528046696570225,0.5360385485925143,0.9050111034769013,0.5530676666407581,0.6382707226048177,0.07781435475886835,9.041307944608451e-05,False,stalled_refreshes,5,3.46103949999997,4,2.8076516000000993,0.4085687999995571,4,9
p10_g2_rho0.9_r016,0.9,16,augmented_joint,1.1429550119417051,0.20906593792519107,0.051774788395276036,0.0801076506408298,0.14549918619108543,0.0682770197916284,0.15818872618335023,0.21297555977953128,0.9847662857583549,0.15764666673285693,0.00011672464630188491,False,max_refreshes,5,3.9145524000005025,14,3.274261999999908,0.39773239999976795,4,4
p10_g2_rho0.9_r016,0.9,16,direct_joint,0.5727696377554263,0.2527410719143155,0.04413955032703873,0.0717552376587253,0.08390762618879817,0.06130104422304563,0.17090440390560982,0.2527462633365934,0.40186523384981654,0.14438648807443172,7.043948428094519e-05,False,max_refreshes,5,4.557806200000414,14,3.6901947999995173,0.40789350000068225,4,4
p10_g2_rho0.9_r016,0.9,16,direct_stagewise,0.6052028611922111,0.2637785457276649,0.0462089696133034,0.07474147003623312,0.08975765659269655,0.062015586105354424,0.19397715223183368,0.26438806462657005,0.41122570896037747,0.14954304529365975,6.520851156175527e-05,False,max_refreshes,5,5.627550799999881,7,4.968479099999968,0.406384099999741,4,4
p10_g2_rho0.9_r016,0.9,16,direct_frozen,0.5889591022695679,0.25449027087329634,0.04475625459635465,0.07313335330401777,0.08206302503893546,0.061057561983016095,0.17218310888054178,0.25454386736669116,0.41677599338902616,0.1425753344159919,4.904652151440054e-05,False,stalled_refreshes,5,4.860575300000164,4,4.206958499999928,0.40494810000018333,4,4
p10_g2_rho0.99_r004,0.99,4,direct_joint,1.7626715160065203,0.6081731740696528,0.1469694690731522,0.24248239781196765,0.43409518162251093,0.5319171629000665,1.0883798340215118,0.6082462878242896,0.6742916819850084,0.1364903941017499,8.901253302085867e-05,False,max_refreshes,5,4.540556400000241,13,3.6819353999999294,0.4037607999998727,4,7
p10_g2_rho0.99_r004,0.99,4,direct_frozen,1.789742452086866,0.6160346595473495,0.15090303448436862,0.24986540614861294,0.4457400823350307,0.5397147337432293,1.1323678222885796,0.6160595206150952,0.6573746297982865,0.13800735857319382,5.558184242026318e-05,False,max_refreshes,5,4.517254399999729,12,3.82858269999997,0.4270548000004055,4,7
p10_g2_rho0.99_r004,0.99,4,augmented_joint,2.249315198508903,0.5816467875001017,0.1322584916406911,0.2184180717655615,0.49984330855579634,0.5369777156585582,1.0253460127177276,0.5816793046665686,1.2239691857911752,0.14599510169285473,0.00019776215832328697,False,max_refreshes,5,3.789542900000015,15,3.1284376999992674,0.41172389999974257,4,7
p10_g2_rho0.99_r004,0.99,4,direct_stagewise,1.8042478393921826,0.6121154291428829,0.14134661600909096,0.23372317605104373,0.4530094542983283,0.5323552959596584,1.1275759250555928,0.6121500916092646,0.6766719143365898,0.1359672520467662,4.296251680613311e-05,False,stalled_refreshes,5,2.8682934999997087,1,2.1901348000001235,0.42292619999989256,4,7
p10_g2_rho0.9_r005,0.9,5,direct_stagewise,0.6131962184987234,0.2924593094260105,0.05022200334326948,0.08210869850587184,0.08126385268360209,0.07212332720266428,0.2496058625569083,0.2945174554996568,0.3635903559418151,0.07966751845351112,0.00014976803917824983,False,max_refreshes,5,5.1837560999993,9,4.5004023999999845,0.4244434000002002,4,9
p10_g2_rho0.9_r005,0.9,5,direct_joint,0.5967901276883847,0.29420187606625237,0.049889947919017685,0.08153038495475014,0.07678441048996736,0.07088592043026488,0.24912533875173143,0.29612486455075226,0.34766478893665326,0.07956978072675322,0.00010730650626197899,False,max_refreshes,5,5.528164299999844,9,4.68829359999927,0.4019289999996545,4,9
p10_g2_rho0.9_r005,0.9,5,direct_frozen,0.6075919261837832,0.28947193377995456,0.05039905987870423,0.08284596170011681,0.08067130567610999,0.07107923440805838,0.2523180794308931,0.2913391541781364,0.3552738467528901,0.07989473509808497,0.00016889282231715837,False,max_refreshes,5,4.535801099999844,11,3.919388799999979,0.3788406000003306,4,9
p10_g2_rho0.9_r005,0.9,5,augmented_joint,1.1047153455637293,0.21840674374631536,0.043307591857079775,0.068133751524744,0.07343616446078491,0.07179296887910896,0.174369238212692,0.2206207886409547,0.9303461073510373,0.08997797761113152,6.623193844931387e-05,False,max_refreshes,5,3.85965699999997,16,3.1548650000004272,0.439393900000141,4,9
p10_g2_rho0.99_r013,0.99,13,direct_frozen,2.8348428630475926,0.7933564841399459,0.24658696271184283,0.4080769419874588,0.9183139597643454,0.9833813479516574,2.0223792094931183,0.7937779515773558,0.8124636535544743,0.12359013370673415,0.0001324925233449722,False,max_refreshes,5,4.419133000000329,11,3.777466199999253,0.39599599999928614,4,9
p10_g2_rho0.99_r013,0.99,13,direct_stagewise,2.843344213503187,0.7862680292210396,0.24263168512992817,0.40205167283842974,0.9166337714835989,0.98157366435992,1.9662062787448453,0.7867840845503655,0.8771379347583415,0.12651658265458682,0.00017697468316834998,False,max_refreshes,5,5.202577100000781,9,4.574228500000572,0.3790023999999903,4,9
p10_g2_rho0.99_r013,0.99,13,direct_joint,2.7484835341970513,0.7754844475387904,0.23354057732808653,0.38634034395216954,0.8990160265220768,0.948434649710954,1.8576184308568349,0.7762695640329478,0.8908651033402164,0.12135250256735151,0.0001083743743084808,False,max_refreshes,5,4.731957200000579,14,3.893253999999615,0.394934099999773,4,9
p10_g2_rho0.99_r013,0.99,13,augmented_joint,3.262718650236799,0.7374489571120179,0.2529873267608963,0.3790322942717534,0.9127136588766246,0.9614140529525773,1.9051160076339677,0.7498236122599,1.3576026426028314,0.1304318493166894,0.00021453323293028472,False,max_refreshes,5,3.8177236999999877,16,3.1779685000001336,0.40403670000068814,4,9
p10_g2_rho0.9_r009,0.9,9,augmented_joint,1.431067298893895,0.334450003952943,0.07255928446185592,0.10054557013989074,0.1838639151738551,0.1510668934844773,0.3956742145891148,0.34067742604779927,1.0353930843047803,0.09004283127257037,8.04140371705136e-05,False,max_refreshes,5,3.3238163000005443,16,2.678450899999916,0.4052814999995462,4,9
p10_g2_rho0.9_r009,0.9,9,direct_stagewise,1.0374544674724504,0.39946253224178185,0.09608688218150345,0.15108592361834172,0.2539812465584769,0.14997890104380748,0.4848745763349689,0.4027284206073385,0.5525798911374815,0.08228986740755415,0.0001373260355257544,False,max_refreshes,5,4.581615299999612,10,3.942640599999322,0.3944095999995625,4,9
p10_g2_rho0.9_r009,0.9,9,direct_joint,0.9091339188719427,0.34197170043534253,0.08169099664090915,0.1264071605183563,0.17489822745999073,0.12151195863428163,0.3841491499549387,0.35606709299910305,0.524984768917004,0.07835335940617776,0.00015324912813082745,False,max_refreshes,5,3.715151700000206,16,2.870930899999621,0.397385100000065,4,9
p10_g2_rho0.9_r009,0.9,9,direct_frozen,1.0313508881694293,0.3993476066188455,0.0955732998675275,0.15017756915404085,0.25470508701444844,0.1521769835394657,0.48529348997431604,0.4033510114322017,0.5460573981951133,0.08243286039676834,0.00023878090410573945,False,max_refreshes,5,4.088475100000323,13,3.4637198999998873,0.38822869999967224,4,9
p10_g2_rho0.7_r008,0.7,8,direct_stagewise,0.2721725038758134,0.1204579971049167,0.026725511418901216,0.04123234607459879,0.03677027452740258,0.0229502086838448,0.06719334977397157,0.12280090503174092,0.2049791541018418,0.1531761356935691,0.00016715918316161698,False,max_refreshes,5,4.311536199999864,13,3.6105336000000534,0.43764480000027106,4,7
p10_g2_rho0.7_r008,0.7,8,augmented_joint,0.791875614955071,0.18831728640952722,0.02967011464885109,0.04846588588854064,0.023039467586573697,0.014861599946661646,0.1258590305443168,0.1895679903589996,0.6660165844107542,0.149220515636971,0.000125942369947999,False,max_refreshes,5,3.5048886999993556,16,2.879729000000225,0.3888908999997511,4,7
p10_g2_rho0.7_r008,0.7,8,direct_frozen,0.26781321032107464,0.12915783675492312,0.027409762559711354,0.042498928640780996,0.037944547276632885,0.022924263175663942,0.06989820274647918,0.13112367551672566,0.19791500757459546,0.15258182117036728,0.0001939349818198034,False,max_refreshes,5,4.3181816999995135,14,3.680243099999643,0.3982411000006323,4,7
p10_g2_rho0.7_r008,0.7,8,direct_joint,0.23320121221031798,0.10351687156036302,0.021973223679092914,0.034406249522626005,0.034796118551033206,0.02038806334996695,0.05039290915915358,0.10590536470094851,0.1828083030511644,0.1479089880785226,4.085697673609039e-05,False,max_refreshes,5,4.873205300000336,12,4.026573500000268,0.39804150000054506,4,7
p10_g2_rho0.99_r002,0.99,2,direct_stagewise,1.8014698930735857,0.6074702688949734,0.151964044967067,0.2516356323144507,0.4681114362498934,0.47586533019275157,1.1508860877871554,0.6076700773971677,0.6505838052864303,0.08800095583312523,0.0001581081221361569,False,max_refreshes,5,4.819297899999583,11,4.124711399999796,0.4303498999997828,3,3
p10_g2_rho0.99_r002,0.99,2,augmented_joint,2.2745114690748487,0.6139073193758857,0.1767887939724531,0.2917861267331842,0.48624701613609506,0.49061514735997447,1.167422724285113,0.6139075148405865,1.1070887447897357,0.08515646628598088,7.028155989536961e-05,False,max_refreshes,5,3.5193978999996034,16,2.8891679999996995,0.39105879999988247,3,3
p10_g2_rho0.99_r002,0.99,2,direct_joint,1.7510353815329758,0.6004037619011446,0.14773302760242002,0.24452285856034708,0.46344846419092556,0.47612185029076437,1.1175482239417636,0.6005037248125794,0.6334871575912122,0.08832295363595602,5.7434836927943845e-05,False,max_refreshes,5,4.3994887999997445,13,3.5499338999998145,0.40106529999957274,3,3
p10_g2_rho0.99_r002,0.99,2,direct_frozen,1.799267938125169,0.6061294954649636,0.14831226653051605,0.2450201317386446,0.46048961676299177,0.4742276163646727,1.1443452974452752,0.606152917558032,0.6549226406798938,0.08640435159373425,9.165837133871493e-05,False,max_refreshes,5,4.312807700000121,13,3.680372900000293,0.3907133000002432,3,3
p10_g2_rho0.7_r012,0.7,12,direct_stagewise,0.4741371666109693,0.217219851029992,0.04792289423672995,0.07843578565420188,0.11376276724311299,0.05205824550746474,0.18985140416141952,0.2208541897864577,0.28428576244954973,0.08310385058917365,0.00034021194838697023,False,max_refreshes,5,5.10527860000002,9,4.471348699999908,0.39390780000030645,4,8
p10_g2_rho0.7_r012,0.7,12,direct_frozen,0.4739770564967092,0.21421602638684245,0.04814896602178557,0.07814396771639395,0.11338300562136265,0.051816446069726206,0.1878569317902244,0.2180446299024822,0.2861201247064848,0.08290998382570249,0.00040406507743046097,False,stalled_refreshes,5,4.497100699999464,8,3.883032799999455,0.3783471999995527,4,8
p10_g2_rho0.7_r012,0.7,12,augmented_joint,0.9780868727064203,0.14251796571935907,0.028779363245124413,0.04275881887464656,0.07923749543803879,0.046619505072931666,0.14896328802894013,0.15765698526229335,0.8291235846774802,0.09322338360367974,0.00033444093976391803,False,max_refreshes,5,3.6989623999998003,16,3.0426524000004065,0.40668120000009367,4,8
p10_g2_rho0.7_r012,0.7,12,direct_joint,0.3595304447883265,0.1683865066035801,0.038692563607589534,0.06285342060277385,0.09310979813842736,0.04659583802836249,0.14842820267938114,0.1735926131441583,0.21110224210894538,0.0881527597522885,0.00019778509067836875,False,max_refreshes,5,4.247061800000665,16,3.3890682999999626,0.4225259000004371,4,8
p10_g2_rho0.9_r008,0.9,8,direct_joint,0.8377646718635816,0.3370004474832934,0.07727455029062016,0.12710639942902557,0.19154353952542677,0.12881439238032477,0.37286790162970296,0.33700072807976117,0.46489677023387865,0.15433945191617077,0.0,True,stalled_refreshes,5,2.0033892999999807,0,1.1537260000004608,0.3998914000003424,1,1
p10_g2_rho0.9_r008,0.9,8,direct_frozen,0.8377646718635816,0.3370004474832934,0.07727455029062016,0.12710639942902557,0.19154353952542677,0.12881439238032477,0.37286790162970296,0.33700072807976117,0.46489677023387865,0.15433945191617077,0.0,True,stalled_refreshes,5,1.8919570999996722,0,1.2082798999999795,0.42074369999954797,1,1
p10_g2_rho0.9_r008,0.9,8,direct_stagewise,0.8377646718635816,0.3370004474832934,0.07727455029062016,0.12710639942902557,0.19154353952542677,0.12881439238032477,0.37286790162970296,0.33700072807976117,0.46489677023387865,0.15433945191617077,0.0,True,stalled_refreshes,5,1.8842044000002716,0,1.2055200000004334,0.42172519999985525,1,1
p10_g2_rho0.9_r008,0.9,8,augmented_joint,1.4284815961781057,0.3602991389215848,0.09713614286911074,0.1324013478394308,0.19618512016304024,0.1253930769214829,0.4849167323101699,0.3992091917859547,0.9435648638679357,0.15388329324563904,8.693834535172462e-05,False,max_refreshes,5,3.5163682000002154,16,2.8394963999999163,0.4312514999992345,1,1
p10_g2_rho0.99_r016,0.99,16,direct_joint,1.9802842870664659,0.6578213849134282,0.13941044244811943,0.23110830820533476,0.25118503932085134,0.4756886725024182,1.2363487259903048,0.6578215163301909,0.7439355610761611,0.04995609844828779,0.00010556613420520798,False,max_refreshes,5,4.602153400000134,13,3.7576938000001974,0.39561440000034054,4,6
p10_g2_rho0.99_r016,0.99,16,direct_stagewise,2.024967975830018,0.6507646117441195,0.13398325465234606,0.2217751705612336,0.22729620654154556,0.483275626791241,1.2717555472803779,0.6507647497661753,0.75321242854964,0.05136200106878832,5.521361820695367e-05,False,stalled_refreshes,5,3.034818400000404,3,2.3526934999999867,0.42513080000026093,4,6
p10_g2_rho0.99_r016,0.99,16,direct_frozen,2.0169977014497835,0.6501623659333451,0.13614233326755404,0.22554359230353715,0.23107326339277964,0.4860331285998329,1.2888335108164715,0.6502340043898092,0.7281641906333121,0.051516369065049424,6.420985159002814e-05,False,stalled_refreshes,5,2.8626641999999265,3,2.217652899999848,0.3991722999999183,4,6
p10_g2_rho0.99_r016,0.99,16,augmented_joint,2.516233406143318,0.6676398248097632,0.11890691424250614,0.19604829078666489,0.21720564747435844,0.485199295388685,1.359995230534788,0.6676399057494924,1.1562381756085298,0.04745823578582746,0.0002178321011158891,False,max_refreshes,5,3.8657069999999294,16,3.172968099999707,0.43256560000008903,4,6
p10_g2_rho0.99_r001,0.99,1,augmented_joint,2.4864392644612234,0.5926280000789416,0.14835595372357524,0.23235227118382076,0.34160983661465505,0.3794490599853883,1.063317048185447,0.5985128156494233,1.4231222162757764,0.060817563545396254,4.463582988292266e-05,False,max_refreshes,5,3.76218340000014,14,3.137872399999651,0.38792519999969954,4,9
p10_g2_rho0.99_r001,0.99,1,direct_joint,1.9630375960076254,0.6421984316192484,0.1580700398237001,0.25996169172949296,0.3796938940474016,0.3795870918143319,1.200083324249427,0.6421985105149305,0.7629542717581983,0.05604917131807681,7.720180765221892e-05,False,max_refreshes,5,4.4664146999994045,13,3.6231238999998823,0.39817129999937606,4,9
p10_g2_rho0.99_r001,0.99,1,direct_stagewise,2.0032726124303224,0.6509250660055189,0.15367756175027855,0.25323455138104023,0.3810462642019854,0.3910119610841028,1.2664162941429564,0.6509251151696607,0.736856318287366,0.05695524402920249,0.00019877752749869942,False,stalled_refreshes,5,2.532984200000101,3,1.8494786999999633,0.42726979999952164,4,9
p10_g2_rho0.99_r001,0.99,1,direct_frozen,1.998996192759579,0.6536434339866366,0.1548050984490327,0.2554660234471755,0.3815126443908142,0.39272547635671995,1.2842107570241021,0.6536434756342948,0.7147854357354768,0.05655499480644177,0.00021382406238829244,False,stalled_refreshes,5,2.520334400000138,3,1.8809449999998833,0.396463600000061,4,9
p10_g2_rho0.7_r010,0.7,10,direct_joint,0.2609410143625972,0.10643417261047843,0.0179282791361585,0.02861494211893402,0.015323649827969408,0.015445978889228844,0.035458785843027536,0.10657775309410446,0.22548222851956967,0.04933824044731101,0.0002789820364615215,False,max_refreshes,5,5.184223199999906,11,4.333433099999638,0.40072180000061053,4,8
p10_g2_rho0.7_r010,0.7,10,direct_stagewise,0.302695873072647,0.1464429129846166,0.024004406554770867,0.039872224967587695,0.031651473679821164,0.01978154207921418,0.059492029722070044,0.14655316737646248,0.24320384335057696,0.053385502377091235,0.0002886231355058337,False,max_refreshes,5,5.0181807999997545,12,4.359499099999994,0.4067276999994647,4,8
p10_g2_rho0.7_r010,0.7,10,augmented_joint,0.8425218240959236,0.11025101879101246,0.037603874054672026,0.02928090249344543,0.03303264847709359,0.020112531306657057,0.1390741634535781,0.20424953133199195,0.7034476606423454,0.053534353168548356,5.9764876058147404e-05,False,max_refreshes,5,3.5596589000006134,16,2.8981184999993275,0.41253099999994447,4,8
p10_g2_rho0.7_r010,0.7,10,direct_frozen,0.29889913207026986,0.15944138358008234,0.025590177224056758,0.04256412859133346,0.035015023104949736,0.02126916745839086,0.06699379590897138,0.15955121074773615,0.2319053361612985,0.05264274821648111,0.0004792635124460246,False,stalled_refreshes,5,4.5484065000000555,8,3.9080266999999367,0.3964664000004632,4,8
p10_g2_rho0.7_r004,0.7,4,direct_joint,0.2571075596460446,0.11441325427315899,0.0187851872416044,0.028917067323930557,0.019178735478800297,0.014678965096861337,0.035563429887752275,0.11555893192767581,0.22154412975829232,0.13245169165730253,0.0,True,stalled_refreshes,5,1.9891014000004361,0,1.1762679000003118,0.3764487000007648,1,1
p10_g2_rho0.7_r004,0.7,4,augmented_joint,0.7266965674179868,0.06364923196600866,0.01264063763262675,0.015589133852543256,0.019126922934717176,0.01441073866588125,0.020813744455352664,0.07265566725021796,0.7058828229626342,0.12593763383883788,4.111487760260707e-05,False,max_refreshes,5,3.937730999999985,15,3.243205499999931,0.43301679999967746,1,1
p10_g2_rho0.7_r004,0.7,4,direct_stagewise,0.2571075596460446,0.11441325427315899,0.0187851872416044,0.028917067323930557,0.019178735478800297,0.014678965096861337,0.035563429887752275,0.11555893192767581,0.22154412975829232,0.13245169165730253,0.0,True,stalled_refreshes,5,1.776807700000063,0,1.1455863000001045,0.39247989999967103,1,1
p10_g2_rho0.7_r004,0.7,4,direct_frozen,0.2571075596460446,0.11441325427315899,0.0187851872416044,0.028917067323930557,0.019178735478800297,0.014678965096861337,0.035563429887752275,0.11555893192767581,0.22154412975829232,0.13245169165730253,0.0,True,stalled_refreshes,5,1.8621148000001995,0,1.1927191000004314,0.4173471000003701,1,1
