dataset_id,rho,arm,status,refreshes,accepted_refreshes,final_refresh_accepted,final_validation_accepted,final_information_consistent,final_fallback,objective,returned_objective,final_objective_difference,final_objective_mcse,finite_gradient,local_seconds,final_validation_seconds,total_fit_seconds,process_seconds,assessment_seconds,overrun_seconds
p10_g2_rho0.7_r000,0.7,direct_joint,stalled_refreshes,47,35,False,True,True,False,direct,50.650329655130136,-0.16762236602400904,0.00041551060655609784,True,12.947236900001371,0.4046008000004804,13.351840000001175,13.833353799998804,0.21063179999873682,0.0
p10_g2_rho0.7_r001,0.7,direct_joint,stalled_refreshes,78,43,False,True,True,False,direct,55.264502987088946,-0.08773951928288781,0.0003234305016606551,True,25.13393460000225,0.4141514000002644,25.54808790000243,26.039442500001314,0.2155931999986933,0.0
p10_g2_rho0.7_r002,0.7,direct_joint,stalled_refreshes,80,43,False,True,True,False,direct,52.969179769642025,-0.14749495876846375,0.00021421638801380824,True,25.23510879999958,0.4084554000000935,25.643566199996712,26.11478139999963,0.2078363000000536,0.0
p10_g2_rho0.7_r003,0.7,direct_joint,stalled_refreshes,91,59,False,True,True,False,direct,51.97539328475834,-0.23073629194450263,0.0002475124301027984,True,36.54060529999697,0.6109652999984974,37.151572799997666,37.80921560000206,0.2711630999983754,0.0
p10_g2_rho0.7_r004,0.7,direct_joint,stalled_refreshes,4,0,False,False,True,True,direct,53.82514697655068,0.0,0.0,True,1.0835431999985303,0.3724364000008791,1.4559813999985636,1.8963991000018723,0.19438140000056592,0.0
p10_g2_rho0.7_r005,0.7,direct_joint,stalled_refreshes,55,36,False,True,True,False,direct,56.645696214677386,-0.08815807920544572,0.0001552298385586222,True,20.064552900003036,0.6547191999998176,20.719274400002178,21.45601109999916,0.34123449999970035,0.0
p10_g2_rho0.7_r006,0.7,direct_joint,stalled_refreshes,87,38,False,True,True,False,direct,58.89165658277346,-0.10875190198393447,0.0002284919672650166,True,37.40603800000099,0.686961399998836,38.09300269999949,38.83557060000021,0.3451920000006794,0.0
p10_g2_rho0.7_r007,0.7,direct_joint,stalled_refreshes,4,0,False,False,True,True,direct,53.39555110963955,0.0,0.0,True,1.260665899999367,0.4400600000008126,1.7007276999993337,2.221872699999949,0.230469299998731,0.0
p10_g2_rho0.7_r008,0.7,direct_joint,stalled_refreshes,58,35,False,True,True,False,direct,51.324571947293926,-0.08608116324715454,0.00017331612391192406,True,24.138424900000246,0.577388499998051,24.715815600000496,25.200081099999807,0.21481630000198493,0.0
p10_g2_rho0.7_r009,0.7,direct_joint,stalled_refreshes,56,33,False,True,True,False,direct,65.3520086389232,-0.10150199813112692,0.00011208405013075638,True,17.5732210999995,0.39502989999891724,17.968252999999095,18.44014740000057,0.2049799999986135,0.0
p10_g2_rho0.7_r010,0.7,direct_joint,stalled_refreshes,73,39,False,True,True,False,direct,53.78190519490028,-0.12155107728860948,0.0003181579472482643,True,27.119351899997127,0.3925965999987966,27.511950099997193,28.250375600000552,0.33972069999799714,0.0
p10_g2_rho0.7_r011,0.7,direct_joint,stalled_refreshes,59,40,False,True,True,False,direct,63.116109494660606,-0.1308346691886726,6.104250647426933e-05,True,17.692085000002407,0.42164469999988796,18.11373160000221,18.61124740000014,0.2186950999966939,0.0
p10_g2_rho0.7_r012,0.7,direct_joint,stalled_refreshes,103,49,False,True,True,False,direct,53.169321407094316,-0.17336444446532973,0.00020141819897873112,True,45.61656369999764,0.48835609999878216,46.10492239999803,46.79993739999918,0.29381199999988894,0.0
p10_g2_rho0.7_r013,0.7,direct_joint,stalled_refreshes,35,22,False,True,True,False,direct,56.943545194151106,-0.0882592030113667,0.0001591565913100921,True,10.770162400000117,0.4146312000011676,11.184795600001962,11.673805500002345,0.21588120000160416,0.0
p10_g2_rho0.7_r014,0.7,direct_joint,stalled_refreshes,4,0,False,False,True,True,direct,58.35537558931649,0.0,0.0,True,1.185396100001526,0.3985460999974748,1.5839443000004394,2.0365990999998758,0.1995877000008477,0.0
p10_g2_rho0.7_r015,0.7,direct_joint,stalled_refreshes,4,0,False,False,True,True,direct,51.43380935139191,0.0,0.0,True,1.2650862999998935,0.4452792000010959,1.7103676999995514,2.2328175000002375,0.23288979999961157,0.0
p10_g2_rho0.7_r016,0.7,direct_joint,stalled_refreshes,4,0,False,False,True,True,direct,67.76258051869712,0.0,0.0,True,1.1562097999994876,0.40856820000044536,1.5647801000013715,2.03945609999937,0.20887589999983902,0.0
p10_g2_rho0.7_r017,0.7,direct_joint,stalled_refreshes,27,21,False,True,True,False,direct,50.133371165364004,-0.11709341390887751,0.0004951655754765285,True,8.45376159999796,0.4033564999990631,8.857119899999816,9.399623000001156,0.21473450000121375,0.0
p10_g2_rho0.7_r018,0.7,direct_joint,stalled_refreshes,38,23,False,True,True,False,direct,69.75118546207385,-0.08864716365552994,0.00019350849511279457,True,11.386008000001311,0.4093496999994386,11.795360000000073,12.27855929999896,0.21608519999972486,0.0
p10_g2_rho0.7_r019,0.7,direct_joint,stalled_refreshes,4,0,False,False,True,True,direct,67.58886010887807,0.0,0.0,True,1.1068379999996978,0.37335840000014286,1.4801981999989948,1.9270304000019678,0.1983678999968106,0.0
p10_g2_rho0.7_r000,0.7,augmented_joint,max_refreshes,128,106,True,True,True,False,augmented,51.478695097947565,-6.849041312181766,0.00014642067777848026,True,28.958474499999284,0.4313524999997753,29.389828900000794,29.655323699998917,0.21153249999952095,0.0
p10_g2_rho0.7_r001,0.7,augmented_joint,max_refreshes,128,97,True,True,True,False,augmented,56.568212136351846,-6.399337321060942,0.00033039701501725845,True,31.107563499997923,0.41895780000049854,31.526523099997576,31.7923555999987,0.20919639999920037,0.0
p10_g2_rho0.7_r002,0.7,augmented_joint,max_refreshes,128,108,True,True,True,False,augmented,53.6920240551758,-6.4617050509099325,0.00029283552923719776,True,29.96644550000019,0.388180599999032,30.354627800001253,30.607946800000718,0.19592619999821181,0.0
p10_g2_rho0.7_r003,0.7,augmented_joint,stalled_refreshes,110,90,False,True,True,False,augmented,53.75485270759242,-5.221174629218771,9.081453857748217e-05,True,31.9378801999992,0.5666234999989683,32.504505799999606,32.90038230000209,0.3381456999995862,0.0
p10_g2_rho0.7_r004,0.7,augmented_joint,stalled_refreshes,75,57,False,True,True,False,augmented,54.61645057972465,-6.825497257365452,0.000222766919906854,True,22.259284600000683,0.4813730000023497,22.740659099999903,23.037294500001735,0.24086909999823547,0.0
p10_g2_rho0.7_r005,0.7,augmented_joint,stalled_refreshes,101,78,False,True,True,False,augmented,57.32208475228817,-7.066135842635493,0.00014848471181525317,True,32.38651099999697,0.464386799998465,32.85089999999764,33.17659499999718,0.2688964000008127,0.0
p10_g2_rho0.7_r006,0.7,augmented_joint,stalled_refreshes,125,84,False,True,True,False,augmented,59.66970487376118,-6.977778533053263,0.00011860059046245439,True,43.229784899998776,0.4141608999998425,43.64394809999794,43.90346919999865,0.20869500000117114,0.0
p10_g2_rho0.7_r007,0.7,augmented_joint,stalled_refreshes,91,60,False,True,True,False,augmented,54.066152997227846,-6.9531322478966295,0.0001231807238688861,True,23.653630000000703,0.42559609999989334,24.079228300000977,24.3490726,0.21510400000079244,0.0
p10_g2_rho0.7_r008,0.7,augmented_joint,max_refreshes,128,102,False,True,True,False,augmented,52.37735118007612,-6.622043150726425,0.00041683459927266685,True,40.28057869999975,0.6567273999971803,40.93730870000218,41.329978999998275,0.33629170000131126,0.0
p10_g2_rho0.7_r009,0.7,augmented_joint,stalled_refreshes,116,101,False,True,True,False,augmented,65.84884311129241,-6.7193801700357625,0.00017882487714796075,True,24.303221599999233,0.4127382000006037,24.715961400001106,24.977659899999708,0.20702069999970263,0.0
p10_g2_rho0.7_r010,0.7,augmented_joint,stalled_refreshes,95,81,False,True,True,False,augmented,54.5179284908692,-6.910381825808857,0.00019579406580959532,True,23.997098699997878,0.5997049000034167,24.59680639999715,24.994984100001602,0.33971919999748934,0.0
p10_g2_rho0.7_r011,0.7,augmented_joint,stalled_refreshes,116,95,False,True,True,False,augmented,63.79948696434782,-5.856189835884404,0.00010843828214157022,True,27.68120590000035,0.40991009999925154,28.091117800002394,28.356806499999948,0.206831699997565,0.0
p10_g2_rho0.7_r012,0.7,augmented_joint,max_refreshes,128,107,False,True,True,False,augmented,53.70280001540888,-7.111651115015524,0.0003342290721638595,True,39.63778269999966,0.416871400000673,40.054655599997204,40.31870329999947,0.20879749999949127,0.0
p10_g2_rho0.7_r013,0.7,augmented_joint,max_refreshes,128,108,True,True,True,False,augmented,57.48007162613947,-6.921851005793517,0.0001045160411726995,True,28.116451300000335,0.425755799999024,28.542209200000798,28.814348200001405,0.21369699999922886,0.0
p10_g2_rho0.7_r014,0.7,augmented_joint,stalled_refreshes,48,42,False,True,True,False,augmented,60.5864340424785,-5.240663979474487,6.899516875821966e-05,True,9.844776699999784,0.4088121000022511,10.253591299999243,10.509799899999052,0.20643180000115535,0.0
p10_g2_rho0.7_r015,0.7,augmented_joint,stalled_refreshes,84,61,False,True,True,False,augmented,52.09124309674682,-6.962799376625453,8.617138676506466e-05,True,21.99715130000004,0.44613980000031006,22.443293600001198,22.71849900000052,0.21820300000035786,0.0
p10_g2_rho0.7_r016,0.7,augmented_joint,stalled_refreshes,47,39,False,True,True,False,augmented,70.14906585893146,-4.015930277689993,5.045014140294639e-05,True,10.581827400001202,0.38508029999866267,10.966909200000373,11.220627799997601,0.1942388999996183,0.0
p10_g2_rho0.7_r017,0.7,augmented_joint,max_refreshes,128,95,False,True,True,False,augmented,50.807498841455626,-7.04155037650993,0.00012814695596435576,True,43.52046119999795,0.4101522999990266,43.93061549999766,44.28651180000088,0.30060129999765195,0.0
p10_g2_rho0.7_r018,0.7,augmented_joint,stalled_refreshes,75,57,False,True,True,False,augmented,70.72673506929726,-6.680466970401589,0.00026993422631188573,True,18.47231230000034,0.41785110000091663,18.890165400000114,19.156925400000546,0.21059889999924053,0.0
p10_g2_rho0.7_r019,0.7,augmented_joint,stalled_refreshes,51,45,False,True,True,False,augmented,68.77871074295552,-6.419742520290868,0.00013214776012537488,True,13.709495099999913,0.4541294000009657,14.16362669999944,14.425551299998915,0.20801890000075218,0.0
p10_g2_rho0.7_r000,0.7,direct_frozen,stalled_refreshes,28,15,False,True,True,False,direct,50.783391432640585,-0.03456058851355337,7.970993898286644e-05,True,8.239658499998768,0.4087234999988141,8.64838409999902,8.913623299999017,0.20995289999882516,0.0
p10_g2_rho0.7_r001,0.7,direct_frozen,stalled_refreshes,13,9,False,True,True,False,direct,55.34302803219963,-0.00921447417219845,0.0001239338397957563,True,3.5343059999977413,0.4214849000018148,3.9557927999994718,4.232962399997632,0.2187424000003375,0.0
p10_g2_rho0.7_r002,0.7,direct_frozen,stalled_refreshes,23,11,False,True,True,False,direct,53.090386427472346,-0.02628830093813761,9.857472454777438e-05,True,6.9186203999997815,0.42487289999917266,7.343495699999039,7.624865099998715,0.2191521000022476,0.0
p10_g2_rho0.7_r003,0.7,direct_frozen,stalled_refreshes,95,52,False,True,True,False,direct,52.047145590427206,-0.15898398627563637,4.181056517641826e-05,True,34.55810919999931,0.5800520999982837,35.13816379999844,35.53353910000078,0.33800130000236095,0.0
p10_g2_rho0.7_r004,0.7,direct_frozen,stalled_refreshes,4,0,False,False,True,True,direct,53.82514697655068,0.0,0.0,True,1.0926362999998673,0.37770260000252165,1.4703406999979052,1.7238080999995873,0.19811770000160323,0.0
p10_g2_rho0.7_r005,0.7,direct_frozen,stalled_refreshes,25,15,False,True,True,False,direct,56.710502074944046,-0.02335221893878625,0.00014196631785040167,True,8.765138499999011,0.6484218000005058,9.41356259999884,9.809541900001932,0.338189499998407,0.0
p10_g2_rho0.7_r006,0.7,direct_frozen,stalled_refreshes,17,11,False,True,True,False,direct,58.98482533876437,-0.015583145993014469,4.316890148242933e-05,True,5.1614286999974865,0.4001328999984253,5.561563600000227,5.824671599999419,0.20656790000066394,0.0
p10_g2_rho0.7_r007,0.7,direct_frozen,stalled_refreshes,4,0,False,False,True,True,direct,53.39555110963955,0.0,0.0,True,1.259293200000684,0.4386931999997614,1.6979886000008264,1.9829129999998258,0.22936289999961446,0.0
p10_g2_rho0.7_r008,0.7,direct_frozen,stalled_refreshes,23,16,False,True,True,False,direct,51.38212971771997,-0.028523392821110605,0.00019451957142905513,True,8.482759800001077,0.64933419999943,9.132096599998476,9.525812300002144,0.34091479999915464,0.0
p10_g2_rho0.7_r009,0.7,direct_frozen,stalled_refreshes,16,10,False,True,True,False,direct,65.43279795551439,-0.020712681539940547,3.898039173677001e-05,True,4.439513799999986,0.4184360999970522,4.857952300000761,5.136026599997422,0.21744899999976042,0.0
p10_g2_rho0.7_r010,0.7,direct_frozen,stalled_refreshes,14,8,False,True,True,False,direct,53.88593865626372,-0.01751761592517198,0.00010149367091312619,True,4.283841100001155,0.5660501000020304,4.849893300000986,5.111692200000107,0.2057372999988729,0.0
p10_g2_rho0.7_r011,0.7,direct_frozen,stalled_refreshes,40,19,False,True,True,False,direct,63.2010647061455,-0.04587945770378532,2.9513666026324495e-05,True,12.114587200001552,0.40019200000097044,12.514781199999561,12.781555100002151,0.2070305000015651,0.0
p10_g2_rho0.7_r012,0.7,direct_frozen,stalled_refreshes,14,8,False,True,True,False,direct,53.33367106790925,-0.009014783650409086,0.0001236935373294792,True,4.621976300000824,0.49389869999868097,5.115877000000182,5.372431399999186,0.20266059999994468,0.0
p10_g2_rho0.7_r013,0.7,direct_frozen,stalled_refreshes,18,12,False,True,True,False,direct,57.010156975570084,-0.021647421592382088,0.00010294535883305047,True,4.508376499998121,0.4030155999971612,4.911393999998836,5.18066109999927,0.21049099999800092,0.0
p10_g2_rho0.7_r014,0.7,direct_frozen,stalled_refreshes,4,0,False,False,True,True,direct,58.35537558931649,0.0,0.0,True,1.1731285999994725,0.3926093999980367,1.5657401999997091,1.820984000001772,0.19936070000039763,0.0
p10_g2_rho0.7_r015,0.7,direct_frozen,stalled_refreshes,4,0,False,False,True,True,direct,51.43380935139191,0.0,0.0,True,1.255819200001497,0.4539201999996294,1.709741100001338,2.0069476000007853,0.23583049999979266,0.0
p10_g2_rho0.7_r016,0.7,direct_frozen,stalled_refreshes,4,0,False,False,True,True,direct,67.76258051869712,0.0,0.0,True,1.1793199999992794,0.41025900000022375,1.5895812999988266,1.8626196999975946,0.21519339999940712,0.0
p10_g2_rho0.7_r017,0.7,direct_frozen,stalled_refreshes,43,26,False,True,True,False,direct,50.20471707253485,-0.04574750673803152,0.00019209915099193013,True,18.10396120000223,0.6549739000001864,18.758937500002503,19.15942979999818,0.34011739999914425,0.0
p10_g2_rho0.7_r018,0.7,direct_frozen,stalled_refreshes,23,12,False,True,True,False,direct,69.82679130112325,-0.013041324606124505,0.00010061886396377891,True,6.482348999999886,0.39940800000113086,6.8817589999998745,7.1470735000002605,0.2084020000002056,0.0
p10_g2_rho0.7_r019,0.7,direct_frozen,stalled_refreshes,4,0,False,False,True,True,direct,67.58886010887807,0.0,0.0,True,1.1162393999984488,0.3866498999996111,1.5028910000000906,1.7608929999987595,0.20067909999852418,0.0
p10_g2_rho0.7_r000,0.7,direct_stagewise,stalled_refreshes,41,21,False,True,True,False,direct,50.78740684765141,-0.03054517350272512,5.395184350551983e-05,True,12.935480699999971,0.41507819999969797,13.350560699998823,13.626602899999853,0.21365609999884327,0.0
p10_g2_rho0.7_r001,0.7,direct_stagewise,stalled_refreshes,13,6,False,True,True,False,direct,55.342224854792846,-0.010017651578987596,0.00010866173679133677,True,3.866592899998068,0.4145558999989589,4.281150399998296,4.5510911000019405,0.21516549999796553,0.0
p10_g2_rho0.7_r002,0.7,direct_stagewise,stalled_refreshes,26,14,False,True,True,False,direct,53.09526378909921,-0.021410939311275357,6.484287491458886e-05,True,7.7439613999995345,0.42630629999985103,8.170269800000824,8.448744699999224,0.2202953999985766,0.0
p10_g2_rho0.7_r003,0.7,direct_stagewise,stalled_refreshes,80,45,False,True,True,False,direct,52.07134071535204,-0.13478886135081147,9.259934429203578e-05,True,31.572954200000822,0.6647220000013476,32.23767880000014,32.58355059999667,0.2892859999992652,0.0
p10_g2_rho0.7_r004,0.7,direct_stagewise,stalled_refreshes,4,0,False,False,True,True,direct,53.82514697655068,0.0,0.0,True,1.1277556000022742,0.3940038000000641,1.5217608000020846,1.775719900000695,0.20236769999974058,0.0
p10_g2_rho0.7_r005,0.7,direct_stagewise,stalled_refreshes,20,11,False,True,True,False,direct,56.71270350617904,-0.021150787703792417,0.00011687148021264123,True,6.816341300000204,0.5477148999998462,7.3640583000014885,7.689900699999271,0.2720219000002544,0.0
p10_g2_rho0.7_r006,0.7,direct_stagewise,stalled_refreshes,35,17,False,True,True,False,direct,58.98368750596935,-0.01672097878804024,9.224558908137508e-05,True,13.902238899998338,0.649365499997657,14.551607099998364,14.950413599999592,0.3383552999985113,0.0
p10_g2_rho0.7_r007,0.7,direct_stagewise,stalled_refreshes,4,0,False,False,True,True,direct,53.39555110963955,0.0,0.0,True,1.25641380000161,0.4367045999988477,1.6931205000000773,1.981139699999403,0.22897050000028685,0.0
p10_g2_rho0.7_r008,0.7,direct_stagewise,stalled_refreshes,20,13,False,True,True,False,direct,51.38687117762565,-0.023781932915422743,0.00013098654281152143,True,6.935595599999942,0.6458351999972365,7.58143310000014,7.975665500001924,0.3366870999998355,0.0
p10_g2_rho0.7_r009,0.7,direct_stagewise,stalled_refreshes,12,8,False,True,True,False,direct,65.43602652581713,-0.01748411123718796,5.305998390385723e-05,True,2.997804900001938,0.4271938999991107,3.425000800001726,3.7052494999988994,0.22520670000085374,0.0
p10_g2_rho0.7_r010,0.7,direct_stagewise,stalled_refreshes,20,12,False,True,True,False,direct,53.889581967244936,-0.013874304943959359,1.2022788911516615e-05,True,6.84434130000227,0.4010998000012478,7.2454443000024185,7.502054700002191,0.20160350000151084,0.0
p10_g2_rho0.7_r011,0.7,direct_stagewise,stalled_refreshes,20,16,False,True,True,False,direct,63.20913226923269,-0.037811894616588404,6.70493461462386e-05,True,4.777374400000554,0.4196073000020988,5.1969835000018065,5.474464899998566,0.21676559999832534,0.0
p10_g2_rho0.7_r012,0.7,direct_stagewise,stalled_refreshes,36,15,False,True,True,False,direct,53.33073780588428,-0.011948045675369556,0.00010546005242759305,True,14.418213499997364,0.65492599999925,15.073142400000506,15.491671399999177,0.36156929999924614,0.0
p10_g2_rho0.7_r013,0.7,direct_stagewise,stalled_refreshes,29,16,False,True,True,False,direct,57.011624960356286,-0.020179436806188278,0.00016106771372519974,True,8.806739600000583,0.4199501000002783,9.226691899999423,9.503618099999585,0.2173000000002503,0.0
p10_g2_rho0.7_r014,0.7,direct_stagewise,stalled_refreshes,4,0,False,False,True,True,direct,58.35537558931649,0.0,0.0,True,1.090379799999937,0.379567699998006,1.4699494000014965,1.7280226000002585,0.20009179999760818,0.0
p10_g2_rho0.7_r015,0.7,direct_stagewise,stalled_refreshes,4,0,False,False,True,True,direct,51.43380935139191,0.0,0.0,True,1.2636428999994678,0.4473211000004085,1.7109662000002572,2.0015060999994603,0.22899839999990945,0.0
p10_g2_rho0.7_r016,0.7,direct_stagewise,stalled_refreshes,4,0,False,False,True,True,direct,67.76258051869712,0.0,0.0,True,1.1321467000016128,0.3984197999998287,1.5305680000019493,1.7938021999980265,0.20457969999915804,0.0
p10_g2_rho0.7_r017,0.7,direct_stagewise,stalled_refreshes,16,11,False,True,True,False,direct,50.22315341865203,-0.027311160620847375,0.0003441170715508293,True,4.330732599999465,0.5241574000028777,4.854892299998028,5.158889799997269,0.2438300000030722,0.0
p10_g2_rho0.7_r018,0.7,direct_stagewise,stalled_refreshes,4,0,False,False,True,True,direct,69.83983262572937,0.0,0.0,True,1.385114299999259,0.43182359999991604,1.8169397999990906,2.104983999999604,0.22540459999981977,0.0
p10_g2_rho0.7_r019,0.7,direct_stagewise,stalled_refreshes,4,0,False,False,True,True,direct,67.58886010887807,0.0,0.0,True,1.0787110999990546,0.3774256999968202,1.456138199999259,1.7094131999983802,0.19731039999896893,0.0
p10_g2_rho0.9_r000,0.9,direct_joint,max_refreshes,128,90,False,True,True,False,direct,48.3880300018719,-0.31973636744202594,9.068915322941182e-05,True,47.62645820000034,0.65570260000095,48.28216320000138,48.76030619999801,0.21599459999924875,0.0
p10_g2_rho0.9_r001,0.9,direct_joint,stalled_refreshes,49,24,False,True,True,False,direct,49.17379713287754,-0.09982577317212638,4.1519878492351536e-05,True,20.61094679999951,0.6509040999990248,21.26185379999879,21.99523059999774,0.33756610000273213,0.0
p10_g2_rho0.9_r002,0.9,direct_joint,stalled_refreshes,20,8,False,True,True,False,direct,62.39535924762929,-0.13917671701113754,0.000113740062426091,True,6.717942799999946,0.3889841999989585,7.10692889999882,7.570065399999294,0.2039201999996294,0.0
p10_g2_rho0.9_r003,0.9,direct_joint,stalled_refreshes,63,45,False,True,True,False,direct,44.68041912704263,-0.20121376079844744,0.00021035788777687653,True,16.90790659999766,0.40028719999827445,17.308196499998303,17.779519199997594,0.20966559999942547,0.0
p10_g2_rho0.9_r004,0.9,direct_joint,stalled_refreshes,56,37,False,True,True,False,direct,60.70456331163384,-0.1287434860504426,0.0005924257105965607,True,15.786156699999992,0.42114310000033583,16.207301700000244,16.7053264999995,0.21809699999903387,0.0
p10_g2_rho0.9_r005,0.9,direct_joint,stalled_refreshes,44,19,False,True,True,False,direct,49.186295367599534,-0.06804720340728387,0.00013192971785299098,True,18.877348099998926,0.4276825999986613,19.305033699998603,19.91929970000274,0.3063804000012169,0.0
p10_g2_rho0.9_r006,0.9,direct_joint,stalled_refreshes,125,77,False,True,True,False,direct,53.42261303289389,-0.1741379242631016,0.00025306457496058164,True,39.12877099999969,0.4176052000002528,39.54637779999939,40.03978489999827,0.21589219999987108,0.0
p10_g2_rho0.9_r007,0.9,direct_joint,stalled_refreshes,74,41,False,True,True,False,direct,51.33387916787363,-0.06380387031178003,8.179635401956151e-05,True,23.167514599997958,0.37966640000013285,23.547183300001052,24.002168499999243,0.19830930000171065,0.0
p10_g2_rho0.9_r008,0.9,direct_joint,stalled_refreshes,4,0,False,False,True,True,direct,51.94204246189785,0.0,0.0,True,1.13880159999826,0.3930850999968243,1.5318884999978764,2.000163299999258,0.20867660000294563,0.0
p10_g2_rho0.9_r009,0.9,direct_joint,stalled_refreshes,87,51,False,True,True,False,direct,62.18932252705073,-0.232855114609535,9.299277961102085e-05,True,30.623011399999086,0.5117218999985198,31.13473570000133,31.602056799998536,0.2085071000001335,0.0
p10_g2_rho0.9_r010,0.9,direct_joint,stalled_refreshes,35,24,False,True,True,False,direct,54.4364142687291,-0.10129343058365059,8.265892237939853e-05,True,10.149509699998816,0.4228520999986358,10.572363699999187,11.072620999999344,0.22056229999907373,0.0
p10_g2_rho0.9_r011,0.9,direct_joint,stalled_refreshes,53,39,False,True,True,False,direct,65.77835144798843,-0.18374787397370795,9.904353986341062e-05,True,15.466814800001885,0.40256570000201464,15.869382299999415,16.34276410000166,0.21087070000066888,0.0
p10_g2_rho0.9_r012,0.9,direct_joint,stalled_refreshes,83,55,False,True,True,False,direct,52.84165825724189,-0.11245160057738879,8.492220393743135e-05,True,24.495089899999584,0.3967099000001326,24.891802300000563,25.364973499999905,0.20651360000192653,0.0
p10_g2_rho0.9_r013,0.9,direct_joint,stalled_refreshes,56,32,False,True,True,False,direct,46.28031921372487,-0.14361772697064445,0.00022898078693058742,True,17.189553299998806,0.4376660999987507,17.6272216999987,18.14494090000153,0.22986390000005485,0.0
p10_g2_rho0.9_r014,0.9,direct_joint,stalled_refreshes,4,0,False,False,True,True,direct,50.24438320599549,0.0,0.0,True,1.194599799997377,0.3982092999976885,1.5928117999974347,2.0483476000008523,0.19827989999976126,0.0
p10_g2_rho0.9_r015,0.9,direct_joint,stalled_refreshes,81,53,False,True,True,False,direct,57.431381191820655,-0.16216075373930927,0.0001306896414336016,True,24.675537600000098,0.39701870000135386,25.072558500000014,25.5478480999991,0.20822209999823826,0.0
p10_g2_rho0.9_r016,0.9,direct_joint,stalled_refreshes,21,15,False,True,True,False,direct,56.66243602554843,-0.05835807255449765,9.720186953893244e-05,True,7.121909900000901,0.6533291000014287,7.775241700001061,8.354751200000464,0.3146255999999994,0.0
p10_g2_rho0.9_r017,0.9,direct_joint,stalled_refreshes,67,39,False,True,True,False,direct,66.7198950121606,-0.18899631858381127,7.748293681942833e-06,True,18.81493159999809,0.4132629999985511,19.228196399999433,19.675327099997958,0.1960865000000922,0.0
p10_g2_rho0.9_r018,0.9,direct_joint,stalled_refreshes,35,26,False,True,True,False,direct,64.31745948416278,-0.14454631557615016,9.133057188110815e-05,True,8.726924200000212,0.38430650000009337,9.111232900002506,9.560597499999858,0.19757830000162357,0.0
p10_g2_rho0.9_r019,0.9,direct_joint,stalled_refreshes,84,59,False,True,True,False,direct,61.24835559753933,-0.15748273042965089,0.00013036003738422006,True,25.030070299999352,0.41207679999934044,25.442149300000892,25.930868600000395,0.214433299999655,0.0
p10_g2_rho0.9_r000,0.9,augmented_joint,max_refreshes,128,105,False,True,True,False,augmented,49.048670500283635,-6.452047636919511,4.8202561238002e-05,True,38.60116780000317,0.41247089999887976,39.0136405000012,39.2871791999969,0.21643150000090827,0.0
p10_g2_rho0.9_r001,0.9,augmented_joint,stalled_refreshes,59,50,False,True,True,False,augmented,50.50268736739936,-6.402624789096922,2.9636046857696856e-05,True,15.855116499998985,0.4074886999987939,16.262607199998456,16.523561099998915,0.20649029999913182,0.0
p10_g2_rho0.9_r002,0.9,augmented_joint,stalled_refreshes,79,66,False,True,True,False,augmented,63.26691410302678,-6.915641876214325,0.00016280380589764806,True,18.48450419999972,0.44497410000076343,18.92948069999875,19.207114200000433,0.22277300000132527,0.0
p10_g2_rho0.9_r003,0.9,augmented_joint,stalled_refreshes,93,72,False,True,True,False,augmented,45.44806168715675,-7.112133848269131,0.00021120554171556076,True,22.65335309999864,0.4066917000018293,23.060046700000385,23.320607000001473,0.20617359999960172,0.0
p10_g2_rho0.9_r004,0.9,augmented_joint,stalled_refreshes,71,66,False,True,True,False,augmented,61.5708573104019,-6.999479416951068,0.0004128729432518798,True,14.631827300001532,0.39955769999869517,15.03138730000137,15.294662999998764,0.20209929999873566,0.0
p10_g2_rho0.9_r005,0.9,augmented_joint,max_refreshes,128,91,False,True,True,False,augmented,50.174456661553336,-6.875138074328637,0.00010239146644777331,True,43.13617180000074,0.4193679999989399,43.555542300000525,43.81443070000023,0.20781560000250465,0.0
p10_g2_rho0.9_r006,0.9,augmented_joint,stalled_refreshes,63,55,False,True,True,False,augmented,54.94381643435497,-6.221879511952073,6.081746261379402e-05,True,13.72746140000163,0.42502710000007937,14.152490000000398,14.426764399999229,0.21230719999948633,0.0
p10_g2_rho0.9_r007,0.9,augmented_joint,max_refreshes,128,93,False,True,True,False,augmented,52.11732336969183,-6.907258229522718,0.00016969986971077417,True,32.25981900000261,0.4107755000004545,32.67059640000298,32.93298329999743,0.20662369999990915,0.0
p10_g2_rho0.9_r008,0.9,augmented_joint,stalled_refreshes,70,51,False,True,True,False,augmented,53.7222121778488,-5.712203556760381,5.967157605824518e-05,True,22.943688499999553,0.48888280000028317,23.43257409999933,23.821293299999525,0.3326134999988426,0.0
p10_g2_rho0.9_r009,0.9,augmented_joint,max_refreshes,128,105,True,True,True,False,augmented,63.47558463326142,-6.15388964428065,0.00015336348770715328,True,39.13564570000017,0.5814073999972607,39.717055100001744,40.0599074999991,0.2902323000016622,0.0
p10_g2_rho0.9_r010,0.9,augmented_joint,stalled_refreshes,113,86,False,True,True,False,augmented,55.1550908721002,-6.844346068336778,0.00032284876211243033,True,28.99318999999923,0.42936829999962356,29.422560399998474,29.701682100001563,0.21612350000032166,0.0
p10_g2_rho0.9_r011,0.9,augmented_joint,stalled_refreshes,126,108,False,True,True,False,augmented,66.35422761790183,-7.62484687283656,0.00010223290482886185,True,27.192025000000285,0.411673200000223,27.603699999999662,27.868637300001865,0.20585749999736436,0.0
p10_g2_rho0.9_r012,0.9,augmented_joint,max_refreshes,128,101,False,True,True,False,augmented,53.36407918234764,-7.206522453604675,6.520027349572325e-05,True,29.91264980000051,0.40598700000191457,30.318638600001577,30.575155700000323,0.20431570000073407,0.0
p10_g2_rho0.9_r013,0.9,augmented_joint,stalled_refreshes,98,74,False,True,True,False,augmented,47.00444310950721,-7.121665980774134,7.391170696327714e-05,True,25.457572200000868,0.4513138999991497,25.908888699999807,26.199239199999283,0.22864810000100988,0.0
p10_g2_rho0.9_r014,0.9,augmented_joint,stalled_refreshes,61,51,False,True,True,False,augmented,51.21610322470945,-6.634898690433287,0.00012307619224168976,True,13.59097340000153,0.4051601999999548,13.996135700002924,14.258814099997835,0.20325769999908516,0.0
p10_g2_rho0.9_r015,0.9,augmented_joint,stalled_refreshes,91,74,False,True,True,False,augmented,58.277770534285956,-6.9690283190143525,0.0006023988540478251,True,20.551977999999508,0.4078081999978167,20.959788299998763,21.214192199997342,0.20306150000033085,0.0
p10_g2_rho0.9_r016,0.9,augmented_joint,max_refreshes,128,100,True,True,True,False,augmented,57.50325052203056,-6.86576955403898,5.743847811614778e-05,True,42.579120200000034,0.6522704000017256,43.23139330000049,43.58294350000142,0.29875539999920875,0.0
p10_g2_rho0.9_r017,0.9,augmented_joint,stalled_refreshes,91,73,False,True,True,False,augmented,67.4417896610355,-7.048283095396048,9.782856340910736e-05,True,20.528290400001424,0.4056075000007695,20.933899700001348,21.199346100002003,0.2048904000002949,0.0
p10_g2_rho0.9_r018,0.9,augmented_joint,max_refreshes,128,97,True,True,True,False,augmented,65.12330923923611,-7.195984254866232,6.531377190728302e-05,True,31.481856500002323,0.4241937000006146,31.906052100002853,32.180266800001846,0.21501100000023143,0.0
p10_g2_rho0.9_r019,0.9,augmented_joint,max_refreshes,128,103,False,True,True,False,augmented,61.82627539600974,-7.063734514610772,0.00044332655070386073,True,30.202525400000013,0.4121372000008705,30.6146645000008,30.879127000000153,0.20647710000048392,0.0
p10_g2_rho0.9_r000,0.9,direct_frozen,stalled_refreshes,45,25,False,True,True,False,direct,48.61430049439531,-0.09346587491861946,3.189911153756054e-05,True,16.586351100002503,0.39535380000234,16.98170670000036,17.244099700001243,0.21022720000109985,0.0
p10_g2_rho0.9_r001,0.9,direct_frozen,stalled_refreshes,19,10,False,True,True,False,direct,49.210034883107824,-0.06358802294183619,2.835363596624576e-05,True,6.000911200000701,0.5412243000027956,6.542137799999182,6.863873599999351,0.2649314999980561,0.0
p10_g2_rho0.9_r002,0.9,direct_frozen,stalled_refreshes,24,11,False,True,True,False,direct,62.41624157420526,-0.11829439043516388,7.137715959667621e-06,True,7.120023299999957,0.41867590000038035,7.53870089999873,7.821343199999319,0.216984799999409,0.0
p10_g2_rho0.9_r003,0.9,direct_frozen,stalled_refreshes,25,14,False,True,True,False,direct,44.85429173878282,-0.027341149058255354,4.639051025899443e-05,True,7.405810000000201,0.38405079999938607,7.78986260000238,8.063833899999736,0.21878510000169626,0.0
p10_g2_rho0.9_r004,0.9,direct_frozen,stalled_refreshes,35,19,False,True,True,False,direct,60.81621068044526,-0.01709611723902249,0.00011796382794255488,True,10.705234499999278,0.4185687000008329,11.123804999999265,11.40083819999927,0.21816819999912695,0.0
p10_g2_rho0.9_r005,0.9,direct_frozen,stalled_refreshes,19,11,False,True,True,False,direct,49.20794808557307,-0.04639448543375657,2.613939966896706e-05,True,6.391726699999708,0.6485142999990785,7.040242800001579,7.333079600000929,0.23585649999949965,0.0
p10_g2_rho0.9_r006,0.9,direct_frozen,stalled_refreshes,20,11,False,True,True,False,direct,53.57540412776131,-0.02134682939568755,6.312552489286506e-05,True,5.755899699999645,0.4144144999991113,6.170316299998376,6.444538300000204,0.2141962000005151,0.0
p10_g2_rho0.9_r007,0.9,direct_frozen,stalled_refreshes,42,21,False,True,True,False,direct,51.37302405453294,-0.024658983652468436,0.00012683445148350725,True,12.58800159999737,0.41618060000109836,13.00418439999703,13.277840999999171,0.21931789999871398,0.0
p10_g2_rho0.9_r008,0.9,direct_frozen,stalled_refreshes,4,0,False,False,True,True,direct,51.94204246189785,0.0,0.0,True,1.133870300000126,0.3906846999998379,1.524557000000641,1.78700839999874,0.20733690000270144,0.0
p10_g2_rho0.9_r009,0.9,direct_frozen,stalled_refreshes,19,13,False,True,True,False,direct,62.40090013138077,-0.021277510279496425,0.0005419699611224232,True,5.807799000001978,0.6000191999992239,6.407820899999933,6.750652299997455,0.2837905000014871,0.0
p10_g2_rho0.9_r010,0.9,direct_frozen,stalled_refreshes,26,18,False,True,True,False,direct,54.50836530188928,-0.02934239742347522,7.5625699561337e-05,True,7.002406800000244,0.3961271999996825,7.3985358999998425,7.685721300000296,0.22525230000064767,0.0
p10_g2_rho0.9_r011,0.9,direct_frozen,stalled_refreshes,16,7,False,True,True,False,direct,65.95448204615437,-0.007617275807763946,1.782581209029074e-05,True,5.218523200001073,0.42558199999984936,5.644107200001599,5.922663199999079,0.22030960000120103,0.0
p10_g2_rho0.9_r012,0.9,direct_frozen,stalled_refreshes,13,7,False,True,True,False,direct,52.93415905728212,-0.019950800537156255,1.3112294811914761e-05,True,3.4099738000004436,0.4073169000002963,3.8172923999991326,4.083687199999986,0.20694129999901634,0.0
p10_g2_rho0.9_r013,0.9,direct_frozen,stalled_refreshes,16,8,False,True,True,False,direct,46.41190498238382,-0.012031958311698787,0.00015898357208467606,True,4.981392899999264,0.43975400000090303,5.421149399999194,5.714119199999914,0.22919920000094862,0.0
p10_g2_rho0.9_r014,0.9,direct_frozen,stalled_refreshes,4,0,False,False,True,True,direct,50.24438320599549,0.0,0.0,True,1.0896257999993395,0.3794326999995974,1.469060499999614,1.7226477000003797,0.19878629999948316,0.0
p10_g2_rho0.9_r015,0.9,direct_frozen,stalled_refreshes,19,12,False,True,True,False,direct,57.56441097906711,-0.02913096649285407,9.671750406322894e-05,True,5.32329590000154,0.4188157000025967,5.742113899999822,6.015388799998618,0.21708489999946323,0.0
p10_g2_rho0.9_r016,0.9,direct_frozen,stalled_refreshes,13,4,False,True,True,False,direct,56.68243538011318,-0.03835871798974111,3.33317507266085e-05,True,4.67052970000077,0.6554274999980407,5.325960000001942,5.6732639000001654,0.28962870000032126,0.0
p10_g2_rho0.9_r017,0.9,direct_frozen,stalled_refreshes,24,13,False,True,True,False,direct,66.78699423332051,-0.12189709742389354,1.3351375285526621e-05,True,6.859968999997363,0.41864170000189915,7.278612800000701,7.556431199998769,0.2168485000001965,0.0
p10_g2_rho0.9_r018,0.9,direct_frozen,stalled_refreshes,24,14,False,True,True,False,direct,64.44032811512079,-0.021677684618147453,0.00012783007753024972,True,6.520821199999773,0.37737570000172127,6.898198900002171,7.149892600002204,0.1957101000007242,0.0
p10_g2_rho0.9_r019,0.9,direct_frozen,stalled_refreshes,31,21,False,True,True,False,direct,61.37994409549438,-0.02589423247460232,6.187260765354398e-05,True,9.467946799999481,0.41663319999861415,9.884582300001057,10.158635399999184,0.21475820000341628,0.0
p10_g2_rho0.9_r000,0.9,direct_stagewise,stalled_refreshes,47,27,False,True,True,False,direct,48.624179502928776,-0.0835868663851489,2.571008479448056e-05,True,18.03246769999896,0.5169657999977062,18.549436099998275,18.84432100000049,0.23666610000145738,0.0
p10_g2_rho0.9_r001,0.9,direct_stagewise,stalled_refreshes,25,10,False,True,True,False,direct,49.21448974456239,-0.059133161487267216,4.512210813820922e-05,True,10.51685599999837,0.6649427000011201,11.181801700000506,11.567021900002146,0.32941959999880055,0.0
p10_g2_rho0.9_r002,0.9,direct_stagewise,stalled_refreshes,33,19,False,True,True,False,direct,62.424316171891775,-0.11021979274865323,7.476229566188596e-06,True,8.985695699999269,0.39646560000073805,9.382163199999923,9.649131099999067,0.2067430000006425,0.0
p10_g2_rho0.9_r003,0.9,direct_stagewise,stalled_refreshes,18,11,False,True,True,False,direct,44.85896782338132,-0.022665064459763684,0.00021616198936241334,True,4.6256468999999925,0.40366590000121505,5.029314799998247,5.298972799999319,0.20840230000248994,0.0
p10_g2_rho0.9_r004,0.9,direct_stagewise,stalled_refreshes,26,10,False,True,True,False,direct,60.82619603847632,-0.0071107592079595605,0.00010961571703137057,True,8.512939800000822,0.43129159999989497,8.944233400001394,9.235358500000075,0.22881500000039523,0.0
p10_g2_rho0.9_r005,0.9,direct_stagewise,stalled_refreshes,23,10,False,True,True,False,direct,49.21341588299463,-0.0409266880121919,2.5733735940038815e-05,True,8.346766200000275,0.657886500001041,9.00465549999717,9.3988872000009,0.33808460000000196,0.0
p10_g2_rho0.9_r006,0.9,direct_stagewise,stalled_refreshes,43,18,False,True,True,False,direct,53.5744423444272,-0.022308612729800004,8.410885747189304e-05,True,14.2105176999994,0.4443344999999681,14.654854699998396,14.943132599999444,0.23235600000043632,0.0
p10_g2_rho0.9_r007,0.9,direct_stagewise,stalled_refreshes,4,0,False,False,True,True,direct,51.39768303818541,0.0,0.0,True,1.6233291999997164,0.42694879999908153,2.0502806000004057,2.3280546000023605,0.21964690000095288,0.0
p10_g2_rho0.9_r008,0.9,direct_stagewise,stalled_refreshes,4,0,False,False,True,True,direct,51.94204246189785,0.0,0.0,True,1.1454659999981232,0.3874251999986882,1.5328932999982499,1.7916589999986172,0.2032985000005283,0.0
p10_g2_rho0.9_r009,0.9,direct_stagewise,stalled_refreshes,22,11,False,True,True,False,direct,62.40602379704513,-0.016153844615132584,0.00013488349333005788,True,7.3873401999990165,0.6479435000001104,8.035286299997097,8.423376200000348,0.33677909999823896,0.0
p10_g2_rho0.9_r010,0.9,direct_stagewise,stalled_refreshes,29,17,False,True,True,False,direct,54.512684085509115,-0.025023613803639932,6.91207013550084e-05,True,8.026723500001026,0.42569929999990563,8.452425000001313,8.73003460000109,0.21788109999943117,0.0
p10_g2_rho0.9_r011,0.9,direct_stagewise,stalled_refreshes,4,0,False,False,True,True,direct,65.96209932196214,0.0,0.0,True,1.6168531000002986,0.425285300003452,2.0421401999992668,2.316891400001623,0.21928119999938644,0.0
p10_g2_rho0.9_r012,0.9,direct_stagewise,stalled_refreshes,13,6,False,True,True,False,direct,52.93674312792818,-0.017366729891099553,3.1360187820939924e-05,True,3.6552504999999655,0.42496329999994487,4.08021600000211,4.352774999999383,0.21898520000104327,0.0
p10_g2_rho0.9_r013,0.9,direct_stagewise,stalled_refreshes,14,8,False,True,True,False,direct,46.41707105931019,-0.006865881385319739,0.00011821252338191868,True,4.163780500000939,0.4181647999994311,4.581947200000286,4.860168999999587,0.21701289999873552,0.0
p10_g2_rho0.9_r014,0.9,direct_stagewise,stalled_refreshes,4,0,False,False,True,True,direct,50.24438320599549,0.0,0.0,True,1.1163769000013417,0.37934320000204025,1.4957219999996596,1.745462700000644,0.19693239999833168,0.0
p10_g2_rho0.9_r015,0.9,direct_stagewise,stalled_refreshes,18,11,False,True,True,False,direct,57.57353033235941,-0.020011613200558998,9.162914666256839e-05,True,5.05980880000061,0.3993856999986747,5.459196700001485,5.727966499998729,0.20831680000264896,0.0
p10_g2_rho0.9_r016,0.9,direct_stagewise,stalled_refreshes,25,10,False,True,True,False,direct,56.69613407217004,-0.024660025932885077,7.563762411693078e-05,True,10.6870557000002,0.6500476000001072,11.337105899998278,11.735253799997736,0.3405226000031689,0.0
p10_g2_rho0.9_r017,0.9,direct_stagewise,stalled_refreshes,38,19,False,True,True,False,direct,66.79126382925485,-0.11762750148956869,6.027589189185358e-06,True,10.574781299997994,0.40449570000055246,10.97927929999787,11.24925179999991,0.2119544000015594,0.0
p10_g2_rho0.9_r018,0.9,direct_stagewise,stalled_refreshes,23,11,False,True,True,False,direct,64.4466525129623,-0.015353286776626618,6.440220187782961e-05,True,7.080926700000418,0.4225031999994826,7.503431599998294,7.774098800000502,0.21483620000071824,0.0
p10_g2_rho0.9_r019,0.9,direct_stagewise,stalled_refreshes,31,16,False,True,True,False,direct,61.38348547506411,-0.02235285290486111,2.9246742878323107e-05,True,8.524763500001427,0.40699360000144225,8.931758999999147,9.200966500000504,0.2094375000015134,0.0
p10_g2_rho0.99_r000,0.99,direct_joint,stalled_refreshes,67,46,False,True,True,False,direct,52.33955517156622,-0.08648194700004552,6.98736019329165e-05,True,19.41718000000037,0.41261499999745865,19.829796999998507,20.3165611000004,0.2135511000014958,0.0
p10_g2_rho0.99_r001,0.99,direct_joint,stalled_refreshes,66,49,False,True,True,False,direct,61.407902744546334,-0.6316800432916523,0.0002381194372410574,True,19.927031200000783,0.39303429999927175,20.32006739999997,21.033526700000948,0.3191088999992644,0.0
p10_g2_rho0.99_r002,0.99,direct_joint,stalled_refreshes,28,17,False,True,True,False,direct,48.60351394387529,-0.06823515509236167,6.622305822811836e-05,True,10.013697500002309,0.4846722000002046,10.498371800000314,10.967784699998447,0.2085895000018354,0.0
p10_g2_rho0.99_r003,0.99,direct_joint,stalled_refreshes,39,24,False,True,True,False,direct,48.954790319629154,-0.051416974692374495,5.723533271218618e-05,True,12.407387999999628,0.40040199999930337,12.8077916000002,13.286849000000075,0.21076469999934488,0.0
p10_g2_rho0.99_r004,0.99,direct_joint,stalled_refreshes,54,33,False,True,True,False,direct,64.61512537063841,-0.07691188615317657,5.444957137301915e-05,True,20.284197500001028,0.6695834000020113,20.953783599998133,21.680290199998126,0.3317877999979828,0.0
p10_g2_rho0.99_r005,0.99,direct_joint,stalled_refreshes,45,21,False,True,True,False,direct,54.5075584325041,-0.13856323730948716,6.539595525295762e-05,True,14.210650999999416,0.4324187999991409,14.643072299999403,15.15750190000108,0.22492529999908584,0.0
p10_g2_rho0.99_r006,0.99,direct_joint,stalled_refreshes,61,35,False,True,True,False,direct,48.42707131867083,-0.15572562125065836,0.00042462321552112217,True,24.083463399998436,0.6521941999999399,24.735659699999815,25.447761999999784,0.3104501999987406,0.0
p10_g2_rho0.99_r007,0.99,direct_joint,stalled_refreshes,4,0,False,False,True,True,direct,49.37841741219004,0.0,0.0,True,1.1189403999997012,0.38852270000097633,1.5074650000005931,1.9765005999997811,0.20295199999964098,0.0
p10_g2_rho0.99_r008,0.99,direct_joint,stalled_refreshes,64,34,False,True,True,False,direct,57.44795753326778,-0.1291464749147213,5.788265227714827e-05,True,19.346844900002907,0.41334619999906863,19.760192700003245,20.250713800000085,0.21628409999902942,0.0
p10_g2_rho0.99_r009,0.99,direct_joint,stalled_refreshes,34,21,False,True,True,False,direct,60.650087337800045,-0.2277191094034574,0.00013780153609341486,True,12.420772900000884,0.5570349000008719,12.977809899999556,13.693058900000324,0.3392703000026813,0.0
p10_g2_rho0.99_r010,0.99,direct_joint,stalled_refreshes,45,28,False,True,True,False,direct,46.084297796847196,-0.17800359662500753,0.000147839084977426,True,12.522983399998338,0.40131599999949685,12.924301099999866,13.388279099999636,0.2058935000022757,0.0
p10_g2_rho0.99_r011,0.99,direct_joint,stalled_refreshes,61,34,False,True,True,False,direct,44.090303673689284,-0.063754134111079,6.508516478639646e-05,True,18.220439700002316,0.41133130000162055,18.631773400000384,19.1205936999977,0.21415369999886025,0.0
p10_g2_rho0.99_r012,0.99,direct_joint,stalled_refreshes,35,24,False,True,True,False,direct,47.31766104457483,-0.08429762190007217,6.369298499891934e-05,True,13.78807560000132,0.3972172000030696,14.185294400002022,14.702676100001554,0.20828880000044592,0.0
p10_g2_rho0.99_r013,0.99,direct_joint,stalled_refreshes,58,43,False,True,True,False,direct,50.491743425390794,-0.24798311837746922,0.0003092588653792303,True,17.871601499999088,0.3900705999985803,18.261673500001052,18.71957359999942,0.20146740000200225,0.0
p10_g2_rho0.99_r014,0.99,direct_joint,stalled_refreshes,37,26,False,True,True,False,direct,52.36472124507909,-0.10176835980775145,6.031699394326666e-05,True,9.997521799999959,0.40187370000057854,10.399397099999987,10.882257700000991,0.2107930000001943,0.0
p10_g2_rho0.99_r015,0.99,direct_joint,stalled_refreshes,37,22,False,True,True,False,direct,57.044579250277515,-0.23885268618280264,0.00023809401771494746,True,10.825731400000222,0.39225900000019465,11.217992400001094,11.69689870000002,0.20506179999938468,0.0
p10_g2_rho0.99_r016,0.99,direct_joint,stalled_refreshes,85,67,False,True,True,False,direct,55.19946634929302,-0.4751612829256082,9.642963894224266e-05,True,28.101207100000465,0.5370537999988301,28.638263500000903,29.388027200002398,0.35157210000033956,0.0
p10_g2_rho0.99_r017,0.99,direct_joint,stalled_refreshes,23,16,False,True,True,False,direct,49.38723029270663,-0.10415104012129817,7.126422067321869e-05,True,5.929672599999321,0.4010201999990386,6.330694600001152,6.813297799999418,0.21247049999874434,0.0
p10_g2_rho0.99_r018,0.99,direct_joint,stalled_refreshes,51,30,False,True,True,False,direct,51.240548191267614,-0.11958934197919646,5.457156940482026e-05,True,15.07380639999974,0.4194299000009778,15.49323849999928,15.98872890000166,0.21744790000047942,0.0
p10_g2_rho0.99_r019,0.99,direct_joint,stalled_refreshes,55,36,False,True,True,False,direct,53.31790648014577,-0.07957174604245232,1.3397385828544399e-05,True,15.58952700000009,0.3958794999998645,15.985408900000039,16.460669500000222,0.2096294000002672,0.0
p10_g2_rho0.99_r000,0.99,augmented_joint,max_refreshes,128,104,True,True,True,False,augmented,52.75069882488567,-8.475138178970827,3.382460980401396e-05,True,28.798779199998535,0.4138893999988795,29.21267059999809,29.47952069999883,0.20847370000046794,0.0
p10_g2_rho0.99_r001,0.99,augmented_joint,stalled_refreshes,96,84,False,True,True,False,augmented,62.86076758794412,-6.639384437338419,0.00022106968921835844,True,26.239913800000068,0.5905887999979313,26.8305048000002,27.221313199999713,0.32933560000310536,0.0
p10_g2_rho0.99_r002,0.99,augmented_joint,stalled_refreshes,114,79,False,True,True,False,augmented,49.588689854221116,-6.6883054692712385,7.822911721953272e-05,True,37.44213429999945,0.48758299999826704,37.92971899999975,38.18839879999723,0.2040844000002835,0.0
p10_g2_rho0.99_r003,0.99,augmented_joint,max_refreshes,128,109,True,True,True,False,augmented,50.47596673766722,-6.065890375579858,0.00010165165063649624,True,29.08850490000077,0.4193033000010473,29.507810100001734,29.773714799999652,0.21084949999931268,0.0
p10_g2_rho0.99_r004,0.99,augmented_joint,stalled_refreshes,115,93,False,True,True,False,augmented,65.16720081715643,-7.264327863126262,3.762817001017744e-05,True,35.210596500000975,0.6581344000005629,35.86873370000103,36.261568399997486,0.33208749999903375,0.0
p10_g2_rho0.99_r005,0.99,augmented_joint,max_refreshes,128,103,True,True,True,False,augmented,55.02885968307866,-7.265424221806224,0.00011987787845405397,True,30.400167800000418,0.440488500000356,30.840658600000097,31.1177962999991,0.21939109999948414,0.0
p10_g2_rho0.99_r006,0.99,augmented_joint,stalled_refreshes,62,57,False,True,True,False,augmented,49.464661325156264,-6.83818024584413,0.0002108470362055563,True,17.134538400001475,0.6628983000009612,17.79743910000252,18.19607890000043,0.3421266999976069,0.0
p10_g2_rho0.99_r007,0.99,augmented_joint,stalled_refreshes,96,64,False,True,True,False,augmented,49.97899710191673,-7.0215191082109385,0.00011492277729024634,True,24.406083699999726,0.42535289999977977,24.83143889999883,25.096695199999886,0.21278379999967,0.0
p10_g2_rho0.99_r008,0.99,augmented_joint,stalled_refreshes,94,71,False,True,True,False,augmented,58.08986971725316,-7.180540754420628,0.00016320077865115536,True,22.26617619999888,0.41259200000058627,22.67876999999862,22.940782699999545,0.2079611000008299,0.0
p10_g2_rho0.99_r009,0.99,augmented_joint,max_refreshes,128,106,True,True,True,False,augmented,61.79421785705391,-7.101665418711882,0.00013904859448725558,True,37.08708839999963,0.5689038999989862,37.6559946999987,38.01239160000114,0.3006658999984211,0.0
p10_g2_rho0.99_r010,0.99,augmented_joint,max_refreshes,128,104,True,True,True,False,augmented,46.809959767364504,-7.0911863115459965,0.00017302444228114552,True,29.45413610000105,0.3892272999983106,29.843365700002323,30.099157299999206,0.19690300000002026,0.0
p10_g2_rho0.99_r011,0.99,augmented_joint,stalled_refreshes,108,94,False,True,True,False,augmented,44.75949157477843,-7.625592464609781,3.095895664085877e-05,True,23.933383999999933,0.4110184000019217,24.344404600000416,24.606647600001452,0.20800750000125845,0.0
p10_g2_rho0.99_r012,0.99,augmented_joint,max_refreshes,128,102,True,True,True,False,augmented,48.32761634871936,-6.1421354591809205,0.0003648825503203851,True,40.427196900000126,0.4071199999998498,40.834318400000484,41.091429800002516,0.2049960000003921,0.0
p10_g2_rho0.99_r013,0.99,augmented_joint,max_refreshes,128,95,True,True,True,False,augmented,51.871172388097676,-6.28481473885696,0.00010554993902990887,True,43.51973849999922,0.6698436000006041,44.18958470000143,44.586060499997984,0.3403695000015432,0.0
p10_g2_rho0.99_r014,0.99,augmented_joint,max_refreshes,128,101,False,True,True,False,augmented,52.886501052737444,-7.665199343372008,0.000156802301888177,True,31.432701600000655,0.43342130000019097,31.866124900001523,32.14816300000166,0.22141259999989416,0.0
p10_g2_rho0.99_r015,0.99,augmented_joint,stalled_refreshes,72,62,False,True,True,False,augmented,58.24846162138827,-6.8563851015513695,0.0001907630453300007,True,15.829193300000043,0.4292717000007542,16.25846669999919,16.54547989999992,0.2303351999998995,0.0
p10_g2_rho0.99_r016,0.99,augmented_joint,stalled_refreshes,81,65,False,True,True,False,augmented,56.46625800765764,-6.947482573994828,6.488713296012595e-05,True,24.249661800000467,0.43034460000126273,24.68000799999936,24.936310699999012,0.19913570000062464,0.0
p10_g2_rho0.99_r017,0.99,augmented_joint,stalled_refreshes,125,103,False,True,True,False,augmented,49.989371785674905,-7.554007081177522,0.00014157969793282028,True,28.4322659999998,0.43162130000200705,28.863888799998676,29.13894690000234,0.21662840000135475,0.0
p10_g2_rho0.99_r018,0.99,augmented_joint,max_refreshes,128,94,False,True,True,False,augmented,51.87775509630147,-7.472891555956009,0.00019063359334514998,True,33.464728700000705,0.41762089999974705,33.882351900001595,34.16278439999951,0.22141460000057123,0.0
p10_g2_rho0.99_r019,0.99,augmented_joint,max_refreshes,128,105,True,True,True,False,augmented,54.0931804091816,-7.956629867633703,5.21322867829888e-05,True,29.36152619999848,0.40456259999700706,29.766091400000732,30.029891599999246,0.20448469999973895,0.0
p10_g2_rho0.99_r000,0.99,direct_frozen,stalled_refreshes,11,6,False,True,True,False,direct,52.40384090732932,-0.022196211236940044,2.9376764892326053e-05,True,3.440219399999478,0.4300183000013931,3.870239899999433,4.159354700001131,0.22709799999938696,0.0
p10_g2_rho0.99_r001,0.99,direct_frozen,stalled_refreshes,7,3,False,True,True,False,direct,61.693857935654634,-0.34572485218335025,0.00010232140723527225,True,1.878757599999517,0.5070589999995718,2.3858190000028117,2.6492072000000917,0.21273329999894486,0.0
p10_g2_rho0.99_r002,0.99,direct_frozen,stalled_refreshes,33,19,False,True,True,False,direct,48.65171006238569,-0.020039036581966485,5.154102700636782e-05,True,10.662074399999256,0.648693800001638,11.310770799998863,11.586459400001331,0.21788509999896633,0.0
p10_g2_rho0.99_r003,0.99,direct_frozen,stalled_refreshes,36,16,False,True,True,False,direct,48.984690335003165,-0.021516959318363504,3.437848467615086e-05,True,11.218741299999238,0.40860800000154995,11.627351699999053,11.895405699999174,0.21125129999927594,0.0
p10_g2_rho0.99_r004,0.99,direct_frozen,stalled_refreshes,24,14,False,True,True,False,direct,64.67102094359487,-0.021016313196728476,8.269234075925567e-05,True,8.059364799999457,0.6837656000025163,8.743132899999182,9.158727199999703,0.359080800000811,0.0
p10_g2_rho0.99_r005,0.99,direct_frozen,stalled_refreshes,8,3,False,True,True,False,direct,54.527357618154056,-0.1187640516595323,2.090614622293357e-05,True,2.6022936000008485,0.42878790000031586,3.0310837000015454,3.315231099999437,0.2222008000007918,0.0
p10_g2_rho0.99_r006,0.99,direct_frozen,stalled_refreshes,28,19,False,True,True,False,direct,48.54991739956963,-0.032879540351858694,0.00012761723840486384,True,9.426631400001497,0.6515106000006199,10.078144499999325,10.4774053000001,0.33887329999924987,0.0
p10_g2_rho0.99_r007,0.99,direct_frozen,stalled_refreshes,4,0,False,False,True,True,direct,49.37841741219004,0.0,0.0,True,1.1288043999993533,0.3884799000006751,1.5172865000004094,1.7734453000011854,0.20522500000151922,0.0
p10_g2_rho0.99_r008,0.99,direct_frozen,stalled_refreshes,18,10,False,True,True,False,direct,57.51335949095542,-0.0637445172270823,2.4962496505264927e-05,True,5.049170499998581,0.4121053999988362,5.461278200000379,5.738481299998966,0.21721049999905517,0.0
p10_g2_rho0.99_r009,0.99,direct_frozen,stalled_refreshes,10,4,False,True,True,False,direct,60.67910361721771,-0.19870282998579292,3.4178756385969514e-05,True,2.8595328999981575,0.4306464000001142,3.2901818999998795,3.6226026000003912,0.277087999998912,0.0
p10_g2_rho0.99_r010,0.99,direct_frozen,stalled_refreshes,10,4,False,True,True,False,direct,46.127974556160844,-0.13432683731135597,3.0777557817539576e-05,True,3.1982475999975577,0.4287162000000535,3.626966199997696,3.9014924999974028,0.22099019999950542,0.0
p10_g2_rho0.99_r011,0.99,direct_frozen,stalled_refreshes,22,12,False,True,True,False,direct,44.14090790703803,-0.013149900762334354,3.3179401993389526e-05,True,6.120018700003129,0.41589749999911874,6.5359181000021636,6.807629999999335,0.21679479999875184,0.0
p10_g2_rho0.99_r012,0.99,direct_frozen,stalled_refreshes,18,10,False,True,True,False,direct,47.366232194386086,-0.035726472088818184,7.190585678828862e-05,True,6.113254699997924,0.5745189000008395,6.687775599999441,6.948117599997204,0.2070845999987796,0.0
p10_g2_rho0.99_r013,0.99,direct_frozen,stalled_refreshes,22,13,False,True,True,False,direct,50.71522192568881,-0.024504618079447482,9.108436054590288e-05,True,8.223911000000953,0.6075822999991942,8.831495700000232,9.109861799999635,0.2218018999992637,0.0
p10_g2_rho0.99_r014,0.99,direct_frozen,stalled_refreshes,27,14,False,True,True,False,direct,52.44538959234644,-0.021100012540403057,0.00012987281923856954,True,7.6942232999990665,0.41908390000025975,8.113309399999707,8.389764499999728,0.22054670000034093,0.0
p10_g2_rho0.99_r015,0.99,direct_frozen,stalled_refreshes,7,2,False,True,True,False,direct,57.09197651799176,-0.1914554184685553,0.00011548717551938714,True,2.2477930999993987,0.41682890000083717,2.6646237000004476,2.9377189999995608,0.21768080000038026,0.0
p10_g2_rho0.99_r016,0.99,direct_frozen,stalled_refreshes,8,3,False,True,True,False,direct,55.62175139985467,-0.05287623236396044,1.5498526444487886e-05,True,2.393230300000141,0.670915700000478,3.0641485000014654,3.3930331000010483,0.272973400002229,0.0
p10_g2_rho0.99_r017,0.99,direct_frozen,stalled_refreshes,10,4,False,True,True,False,direct,49.426039024983275,-0.06534230784465223,1.1943090592529888e-05,True,3.078453400001308,0.41998980000062147,3.498445699999138,3.780353499998455,0.22206759999971837,0.0
p10_g2_rho0.99_r018,0.99,direct_frozen,stalled_refreshes,28,15,False,True,True,False,direct,51.34363799178994,-0.016499541456866496,0.0003262736190053169,True,8.33110669999951,0.43718880000051286,8.768297700000403,9.057159300000421,0.22907020000093326,0.0
p10_g2_rho0.99_r019,0.99,direct_frozen,stalled_refreshes,20,9,False,True,True,False,direct,53.37294108870671,-0.02453713748152353,6.072826524983882e-06,True,5.983411299999716,0.41385669999726815,6.397270400000707,6.670268099998793,0.21558729999742354,0.0
p10_g2_rho0.99_r000,0.99,direct_stagewise,stalled_refreshes,21,12,False,True,True,False,direct,52.41332367409653,-0.012713444469730106,2.494831926982594e-05,True,6.360703600003035,0.411945800002286,6.77265140000236,7.047324099999969,0.21482769999784068,0.0
p10_g2_rho0.99_r001,0.99,direct_stagewise,stalled_refreshes,7,3,False,True,True,False,direct,61.69812356996015,-0.3414592178778264,8.59629050686408e-05,True,1.7358698999996705,0.4205918000006932,2.1564644999998563,2.4226697999984026,0.20952550000220072,0.0
p10_g2_rho0.99_r002,0.99,direct_stagewise,stalled_refreshes,20,11,False,True,True,False,direct,48.6577776356158,-0.013971463351849067,3.1343054673530854e-05,True,6.683178399998724,0.5449464000012085,7.228127200000017,7.541120500001853,0.25923709999915445,0.0
p10_g2_rho0.99_r003,0.99,direct_stagewise,stalled_refreshes,23,10,False,True,True,False,direct,48.992622148882845,-0.013585145438687718,5.581030342285098e-05,True,6.798374800000602,0.4003141000011965,7.198690700000952,7.466785200000231,0.20971950000057404,0.0
p10_g2_rho0.99_r004,0.99,direct_stagewise,stalled_refreshes,6,1,False,True,True,False,direct,64.68726857402531,-0.004768682766279397,1.254959496347025e-06,True,2.0623268999988795,0.6333404999968479,2.695669900000212,3.0985632999982045,0.3396127999985765,0.0
p10_g2_rho0.99_r005,0.99,direct_stagewise,stalled_refreshes,8,4,False,True,True,False,direct,54.52820517266961,-0.11791649714398389,1.891023597710504e-05,True,2.288465700001325,0.41427440000006754,2.7027421000002505,2.9740336000013485,0.21127679999881366,0.0
p10_g2_rho0.99_r006,0.99,direct_stagewise,stalled_refreshes,50,27,False,True,True,False,direct,48.54727733495654,-0.03551960496494999,0.00011227628101944221,True,18.90430870000273,0.6512293000014324,19.555540299999848,19.94747490000009,0.338773499999661,0.0
p10_g2_rho0.99_r007,0.99,direct_stagewise,stalled_refreshes,4,0,False,False,True,True,direct,49.37841741219004,0.0,0.0,True,1.1093292999994446,0.38764050000099814,1.4969722999994701,1.7525789000010263,0.2037216000007902,0.0
p10_g2_rho0.99_r008,0.99,direct_stagewise,stalled_refreshes,27,14,False,True,True,False,direct,57.5168601352194,-0.060243872963093636,1.2493532899687208e-05,True,7.460519899999781,0.4137759000004735,7.874298099999578,8.150658899998234,0.21412520000012591,0.0
p10_g2_rho0.99_r009,0.99,direct_stagewise,stalled_refreshes,11,4,False,True,True,False,direct,60.68130540623843,-0.1965010409650727,4.6547393528087626e-05,True,3.3858077000004414,0.6506263000010222,4.036436100002902,4.365546299999551,0.2768544999998994,0.0
p10_g2_rho0.99_r010,0.99,direct_stagewise,stalled_refreshes,10,4,False,True,True,False,direct,46.131413805409885,-0.13088758806231482,2.4623062711149856e-05,True,2.9600629000015033,0.4236228999980085,3.3836873000000196,3.6642393000001903,0.22034200000052806,0.0
p10_g2_rho0.99_r011,0.99,direct_stagewise,stalled_refreshes,16,8,False,True,True,False,direct,44.14471946675891,-0.009338341041456033,5.680513940536068e-05,True,4.616147699998692,0.4047887999986415,5.020938599998772,5.286891100000503,0.211044600000605,0.0
p10_g2_rho0.99_r012,0.99,direct_stagewise,stalled_refreshes,16,9,False,True,True,False,direct,47.3809320377697,-0.021026628705199002,0.0001073119063796421,True,4.824332199998025,0.45046159999765223,5.2747959999978775,5.558950399998139,0.2276388999998744,0.0
p10_g2_rho0.99_r013,0.99,direct_stagewise,stalled_refreshes,25,11,False,True,True,False,direct,50.72388414271104,-0.01584240105722401,9.057208493692764e-05,True,9.87804049999977,0.3909319000013056,10.268974199996592,10.5267230999998,0.20232260000193492,0.0
p10_g2_rho0.99_r014,0.99,direct_stagewise,stalled_refreshes,27,12,False,True,True,False,direct,52.44890545099375,-0.017584153893082544,9.432078471933987e-05,True,8.189761600000566,0.4006881000004796,8.590451899999607,8.861978299999464,0.2100804000001517,0.0
p10_g2_rho0.99_r015,0.99,direct_stagewise,stalled_refreshes,11,5,False,True,True,False,direct,57.098359598006724,-0.18507233845359394,0.0001516428195174775,True,3.1854625000014494,0.4420580999994854,3.627522200000385,3.9125080999983766,0.22766450000017358,0.0
p10_g2_rho0.99_r016,0.99,direct_stagewise,stalled_refreshes,8,3,False,True,True,False,direct,55.629776173465984,-0.044851458752642515,2.043336298174608e-05,True,2.205576000000292,0.4109935999986192,2.616571800001111,3.0083407999991323,0.3359703999994963,0.0
p10_g2_rho0.99_r017,0.99,direct_stagewise,stalled_refreshes,10,4,False,True,True,False,direct,49.43387337817238,-0.05750795465555569,2.1000284195715686e-05,True,2.986555200001021,0.4193444000011368,3.4059020999993663,3.682114499999443,0.2181614000000991,0.0
p10_g2_rho0.99_r018,0.99,direct_stagewise,stalled_refreshes,39,22,False,True,True,False,direct,51.341094232726185,-0.019043300520619866,0.00042026518599424915,True,12.597278600000209,0.44011520000094606,13.037395500001367,13.330585200001224,0.22912609999912092,0.0
p10_g2_rho0.99_r019,0.99,direct_stagewise,stalled_refreshes,18,9,False,True,True,False,direct,53.37283203466799,-0.024646191520250937,2.2447320311296444e-06,True,4.98552799999743,0.41770270000051823,5.403232900000148,5.678032399999211,0.21961170000213315,0.0
