refresh_cap,rho,arm,metric,n,mean,ci95_low,ci95_high
16,0.7,augmented_joint,posterior_kl,20,-0.5929620417878377,-0.6240497836290662,-0.5618742999466093
16,0.7,augmented_joint,group_union_tv,20,-0.029234592191201142,-0.04897507711949473,-0.009494107262907552
16,0.7,augmented_joint,pip_mae,20,-0.007131199998757429,-0.01081517619240223,-0.0034472238051126273
16,0.7,augmented_joint,group_pip_mae,20,-0.0050782294279024445,-0.01011433066709739,-4.2128188707498196e-05
16,0.7,augmented_joint,posterior_mean_error,20,0.0016766729226363603,-0.009621752136240039,0.01297509798151276
16,0.7,augmented_joint,covariance_error,20,-0.0037881460777083502,-0.008425194887973452,0.0008489027325567517
16,0.7,augmented_joint,full_support_kl,20,-0.04922844288456542,-0.06892185968622945,-0.02953502608290139
16,0.7,augmented_joint,full_support_tv,20,-0.04452116389953654,-0.06177553480161424,-0.027266792997458832
16,0.7,augmented_joint,conditional_kl,20,-0.5437335989032723,-0.5751305256279382,-0.5123366721786065
16,0.7,augmented_joint,prediction_mse,20,-0.0057218304374876535,-0.010844716015301388,-0.0005989448596739194
16,0.7,direct_frozen,posterior_kl,20,-0.04407168270304993,-0.06043478681820527,-0.027708578587894588
16,0.7,direct_frozen,group_union_tv,20,-0.01779484639531362,-0.025424299390504328,-0.010165393400122916
16,0.7,direct_frozen,pip_mae,20,-0.003462851791622365,-0.004927281630918622,-0.001998421952326108
16,0.7,direct_frozen,group_pip_mae,20,-0.005828149406185972,-0.008255794198841607,-0.0034005046135303376
16,0.7,direct_frozen,posterior_mean_error,20,-0.007258235034627833,-0.011094300532912426,-0.00342216953634324
16,0.7,direct_frozen,covariance_error,20,-0.0023022255939030545,-0.003177512694240891,-0.001426938493565218
16,0.7,direct_frozen,full_support_kl,20,-0.012497189946216507,-0.01895461783461763,-0.006039762057815385
16,0.7,direct_frozen,full_support_tv,20,-0.017529794401236896,-0.025207888804276282,-0.00985169999819751
16,0.7,direct_frozen,conditional_kl,20,-0.03157449275683342,-0.044737186783854736,-0.0184117987298121
16,0.7,direct_frozen,prediction_mse,20,0.00037610263890264673,-0.0013207127328964197,0.002072918010701713
16,0.7,direct_stagewise,posterior_kl,20,-0.047596879257471955,-0.06527857125319445,-0.02991518726174947
16,0.7,direct_stagewise,group_union_tv,20,-0.017023855648171392,-0.024357376907802684,-0.009690334388540101
16,0.7,direct_stagewise,pip_mae,20,-0.003307178263537687,-0.004777466537980243,-0.0018368899890951313
16,0.7,direct_stagewise,group_pip_mae,20,-0.00564460088247952,-0.008033452726964948,-0.0032557490379940914
16,0.7,direct_stagewise,posterior_mean_error,20,-0.00784571668806814,-0.011419441056256353,-0.004271992319879928
16,0.7,direct_stagewise,covariance_error,20,-0.002650283275312376,-0.0036491420158616893,-0.0016514245347630627
16,0.7,direct_stagewise,full_support_kl,20,-0.013129148872778645,-0.01985933282667486,-0.00639896491888243
16,0.7,direct_stagewise,full_support_tv,20,-0.01699022452470568,-0.024488257823407,-0.009492191226004356
16,0.7,direct_stagewise,conditional_kl,20,-0.03446773038469332,-0.04827402136127234,-0.020661439408114303
16,0.7,direct_stagewise,prediction_mse,20,0.0003355224693102275,-0.001089094838636884,0.0017601397772573388
16,0.9,augmented_joint,posterior_kl,20,-0.5585661040552032,-0.6163330453437385,-0.500799162766668
16,0.9,augmented_joint,group_union_tv,20,0.006008507018039302,-0.012938805074996909,0.024955819111075514
16,0.9,augmented_joint,pip_mae,20,-0.002003535479095816,-0.005961949668210357,0.0019548787100187254
16,0.9,augmented_joint,group_pip_mae,20,0.0010989191282604507,-0.005019677180110671,0.007217515436631572
16,0.9,augmented_joint,posterior_mean_error,20,-0.014290227771673441,-0.02769598641047105,-0.0008844691328758342
16,0.9,augmented_joint,covariance_error,20,-0.007767566668771572,-0.017082140285088133,0.0015470069475449879
16,0.9,augmented_joint,full_support_kl,20,-0.007739816593588686,-0.035034427089127906,0.019554793901950536
16,0.9,augmented_joint,full_support_tv,20,0.003015777195267887,-0.01664662988951787,0.02267818428005364
16,0.9,augmented_joint,conditional_kl,20,-0.5508262874616145,-0.6018368799747769,-0.4998156949484522
16,0.9,augmented_joint,prediction_mse,20,-0.0055343668280355566,-0.009964893013150573,-0.0011038406429205406
16,0.9,direct_frozen,posterior_kl,20,-0.05486740120529214,-0.07241093612887928,-0.037323866281705004
16,0.9,direct_frozen,group_union_tv,20,-0.022698865539115237,-0.035253105432630175,-0.010144625645600296
16,0.9,direct_frozen,pip_mae,20,-0.005147892303900071,-0.007542117737904064,-0.002753666869896078
16,0.9,direct_frozen,group_pip_mae,20,-0.008383168820089378,-0.012294476857813834,-0.004471860782364922
16,0.9,direct_frozen,posterior_mean_error,20,-0.014791021910461555,-0.024489512990499424,-0.005092530830423684
16,0.9,direct_frozen,covariance_error,20,-0.006043814201882777,-0.009549120529871929,-0.002538507873893625
16,0.9,direct_frozen,full_support_kl,20,-0.03669949194983146,-0.05170039504719318,-0.02169858885246973
16,0.9,direct_frozen,full_support_tv,20,-0.021962500229391592,-0.03392402887119206,-0.01000097158759113
16,0.9,direct_frozen,conditional_kl,20,-0.018167909255460697,-0.02365043471158689,-0.012685383799334503
16,0.9,direct_frozen,prediction_mse,20,-0.00041918706563670723,-0.002189430717509545,0.0013510565862361302
16,0.9,direct_stagewise,posterior_kl,20,-0.061535209235480705,-0.07908444597972444,-0.043985972491236966
16,0.9,direct_stagewise,group_union_tv,20,-0.020997288245657615,-0.03309678097704471,-0.008897795514270524
16,0.9,direct_stagewise,pip_mae,20,-0.0047352331947797775,-0.0076405345132950706,-0.0018299318762644845
16,0.9,direct_stagewise,group_pip_mae,20,-0.0076545937191325715,-0.012465966921665735,-0.002843220516599408
16,0.9,direct_stagewise,posterior_mean_error,20,-0.013522547868070561,-0.024787309365054175,-0.002257786371086947
16,0.9,direct_stagewise,covariance_error,20,-0.005797783171451005,-0.010289185096259035,-0.0013063812466429766
16,0.9,direct_stagewise,full_support_kl,20,-0.03643862356661466,-0.05093154650349081,-0.021945700629738513
16,0.9,direct_stagewise,full_support_tv,20,-0.020235394207640138,-0.03137708590519416,-0.009093702510086116
16,0.9,direct_stagewise,conditional_kl,20,-0.025096585668866044,-0.03271542898449464,-0.017477742353237444
16,0.9,direct_stagewise,prediction_mse,20,-0.0012833023263222228,-0.00324956234898608,0.0006829576963416346
16,0.99,augmented_joint,posterior_kl,20,-0.5262757845089189,-0.561054245732742,-0.4914973232850957
16,0.99,augmented_joint,group_union_tv,20,0.0202166817030767,0.00705487600340695,0.03337848740274645
16,0.99,augmented_joint,pip_mae,20,-0.005786670337380097,-0.015754627644607996,0.004181286969847802
16,0.99,augmented_joint,group_pip_mae,20,-0.0021604907564003,-0.01642179726868131,0.01210081575588071
16,0.99,augmented_joint,posterior_mean_error,20,-0.027967204927032585,-0.050184613630040384,-0.005749796224024783
16,0.99,augmented_joint,covariance_error,20,-0.010773987492772766,-0.019961828088522586,-0.0015861468970229456
16,0.99,augmented_joint,full_support_kl,20,0.005917259427792959,-0.049247479670283034,0.06108199852586896
16,0.99,augmented_joint,full_support_tv,20,0.017123836083697958,0.0038109429477476402,0.030436729219648274
16,0.99,augmented_joint,conditional_kl,20,-0.532193043936712,-0.5825532612519473,-0.48183282662147664
16,0.99,augmented_joint,prediction_mse,20,-0.0024058997412646855,-0.006183111258923327,0.0013713117763939566
16,0.99,direct_frozen,posterior_kl,20,-0.03637799317445314,-0.048176580275552286,-0.024579406073353988
16,0.99,direct_frozen,group_union_tv,20,-0.004517809274567436,-0.008299895579750971,-0.0007357229693839003
16,0.99,direct_frozen,pip_mae,20,-0.0019859404935729575,-0.004045100714030939,7.321972688502376e-05
16,0.99,direct_frozen,group_pip_mae,20,-0.0036254106675667045,-0.006972915613474788,-0.0002779057216586215
16,0.99,direct_frozen,posterior_mean_error,20,0.0011390990071709136,-0.00398007051810161,0.0062582685324434366
16,0.99,direct_frozen,covariance_error,20,-0.00593912294502463,-0.009741509156327278,-0.0021367367337219822
16,0.99,direct_frozen,full_support_kl,20,-0.04997203204614832,-0.06829542996948988,-0.03164863412280676
16,0.99,direct_frozen,full_support_tv,20,-0.00432348251808129,-0.008028600259492378,-0.0006183647766702018
16,0.99,direct_frozen,conditional_kl,20,0.01359403887169518,0.003006393168014109,0.024181684575376252
16,0.99,direct_frozen,prediction_mse,20,-0.0002917108632944692,-0.001128135860889894,0.0005447141343009557
16,0.99,direct_stagewise,posterior_kl,20,-0.04177964043994233,-0.05389741438084501,-0.029661866499039652
16,0.99,direct_stagewise,group_union_tv,20,-0.0029706096932774206,-0.0070067884819263355,0.0010655690953714943
16,0.99,direct_stagewise,pip_mae,20,-0.0017628763336918888,-0.004102516488140841,0.0005767638207570631
16,0.99,direct_stagewise,group_pip_mae,20,-0.003234498896455951,-0.0071936826533166905,0.0007246848604047888
16,0.99,direct_stagewise,posterior_mean_error,20,-0.0019760213961813764,-0.007656731295710852,0.0037046885033480987
16,0.99,direct_stagewise,covariance_error,20,-0.005220279102167514,-0.00902183982572347,-0.0014187183786115564
16,0.99,direct_stagewise,full_support_kl,20,-0.04088279575392549,-0.05657192511658225,-0.02519366639126873
16,0.99,direct_stagewise,full_support_tv,20,-0.0027519742132571688,-0.0068024115222490075,0.00129846309573467
16,0.99,direct_stagewise,conditional_kl,20,-0.00089684468601684,-0.008596312217286189,0.00680262284525251
16,0.99,direct_stagewise,prediction_mse,20,-0.0003780968084025174,-0.0013009016515095942,0.0005447080347045595
128,0.7,augmented_joint,posterior_kl,20,-0.6842130129782051,-0.7902583964322293,-0.578167629524181
128,0.7,augmented_joint,group_union_tv,20,-0.30189723567068427,-0.32713207823073037,-0.27666239311063817
128,0.7,augmented_joint,pip_mae,20,-0.04812062504691041,-0.05253482708360095,-0.043706423010219875
128,0.7,augmented_joint,group_pip_mae,20,-0.06596598790408449,-0.07198706357771693,-0.059944912230452056
128,0.7,augmented_joint,posterior_mean_error,20,-0.01925097424761261,-0.03181091738430581,-0.006691031110919413
128,0.7,augmented_joint,covariance_error,20,-0.012208059610425596,-0.020409517361656603,-0.004006601859194591
128,0.7,augmented_joint,full_support_kl,20,-0.5656199941849293,-0.6160852426405907,-0.5151547457292678
128,0.7,augmented_joint,full_support_tv,20,-0.340913787086248,-0.3652889267228563,-0.31653864744963967
128,0.7,augmented_joint,conditional_kl,20,-0.11859301879327591,-0.2122710148083754,-0.024915022778176435
128,0.7,augmented_joint,prediction_mse,20,-0.004442105847716017,-0.010994088238856881,0.0021098765434248478
128,0.7,direct_frozen,posterior_kl,20,-0.06332188077340169,-0.08642462639986145,-0.04021913514694192
128,0.7,direct_frozen,group_union_tv,20,-0.022101340493202677,-0.032256926278504794,-0.01194575470790056
128,0.7,direct_frozen,pip_mae,20,-0.004611337957891853,-0.0065524532159850195,-0.0026702226997986863
128,0.7,direct_frozen,group_pip_mae,20,-0.007032701590525975,-0.010053938700909273,-0.004011464480142677
128,0.7,direct_frozen,posterior_mean_error,20,-0.008537972646435741,-0.013629066272716154,-0.0034468790201553287
128,0.7,direct_frozen,covariance_error,20,-0.0027562653554658576,-0.004182506697203254,-0.0013300240137284615
128,0.7,direct_frozen,full_support_kl,20,-0.017085429958296604,-0.02485387279663927,-0.009316987119953938
128,0.7,direct_frozen,full_support_tv,20,-0.023114036873739176,-0.033226745699520194,-0.013001328047958156
128,0.7,direct_frozen,conditional_kl,20,-0.04623645081510508,-0.06327462947991497,-0.02919827215029519
128,0.7,direct_frozen,prediction_mse,20,0.0006399624530519461,-0.0009155420597325366,0.0021954669658364287
128,0.7,direct_stagewise,posterior_kl,20,-0.06753219716561806,-0.09140660514220808,-0.043657789189028046
128,0.7,direct_stagewise,group_union_tv,20,-0.022025603526857854,-0.031953921697170824,-0.012097285356544881
128,0.7,direct_stagewise,pip_mae,20,-0.004655790968808892,-0.006621914149181425,-0.0026896677884363602
128,0.7,direct_stagewise,group_pip_mae,20,-0.007176939663597073,-0.01042480531797808,-0.0039290740092160666
128,0.7,direct_stagewise,posterior_mean_error,20,-0.00911251919193895,-0.01443520812074453,-0.0037898302631333694
128,0.7,direct_stagewise,covariance_error,20,-0.0031897555074879734,-0.004705198533761671,-0.0016743124812142757
128,0.7,direct_stagewise,full_support_kl,20,-0.01816378282622779,-0.02655876786252564,-0.00976879778992994
128,0.7,direct_stagewise,full_support_tv,20,-0.02338787688257468,-0.03310733065576766,-0.013668423109381699
128,0.7,direct_stagewise,conditional_kl,20,-0.04936841433939028,-0.06703757206726452,-0.03169925661151604
128,0.7,direct_stagewise,prediction_mse,20,0.0006050704676972301,-0.0008711548621574413,0.0020812957975519016
128,0.9,augmented_joint,posterior_kl,20,-0.6875551091574803,-0.763236786156748,-0.6118734321582127
128,0.9,augmented_joint,group_union_tv,20,-0.3091648742525085,-0.3297386962588389,-0.2885910522461781
128,0.9,augmented_joint,pip_mae,20,-0.057372950555117576,-0.06533253845748978,-0.049413362652745374
128,0.9,augmented_joint,group_pip_mae,20,-0.07670011182812916,-0.08989980559928736,-0.06350041805697097
128,0.9,augmented_joint,posterior_mean_error,20,-0.043849384760850596,-0.06376040541089285,-0.02393836411080834
128,0.9,augmented_joint,covariance_error,20,-0.02009825844879925,-0.032507544761744465,-0.007688972135854033
128,0.9,augmented_joint,full_support_kl,20,-0.7928997278213005,-0.8709221819116798,-0.7148772737309211
128,0.9,augmented_joint,full_support_tv,20,-0.3417539796603795,-0.36131199632118516,-0.32219596299957387
128,0.9,augmented_joint,conditional_kl,20,0.10534461866382001,0.05662339882402664,0.15406583850361338
128,0.9,augmented_joint,prediction_mse,20,-0.00030321608915405277,-0.005368470105062858,0.004762037926754753
128,0.9,direct_frozen,posterior_kl,20,-0.09711385482156745,-0.13017316653029018,-0.06405454311284473
128,0.9,direct_frozen,group_union_tv,20,-0.03293668415152829,-0.04958082482756878,-0.0162925434754878
128,0.9,direct_frozen,pip_mae,20,-0.007146550269382566,-0.010130677975429277,-0.004162422563335855
128,0.9,direct_frozen,group_pip_mae,20,-0.011350106127324696,-0.016090696901021072,-0.006609515353628323
128,0.9,direct_frozen,posterior_mean_error,20,-0.021323122877125573,-0.033090559115330244,-0.009555686638920905
128,0.9,direct_frozen,covariance_error,20,-0.009822543580223506,-0.01504901566774552,-0.004596071492701493
128,0.9,direct_frozen,full_support_kl,20,-0.05590087522603597,-0.07880212533002111,-0.03299962512205083
128,0.9,direct_frozen,full_support_tv,20,-0.03256819985828164,-0.04889203789875855,-0.016244361817804722
128,0.9,direct_frozen,conditional_kl,20,-0.04121297959553148,-0.05472597725741375,-0.027699981933649212
128,0.9,direct_frozen,prediction_mse,20,-0.0006125189510622888,-0.0028798918086387904,0.001654853906514213
128,0.9,direct_stagewise,posterior_kl,20,-0.10343421585332804,-0.136448944083152,-0.07041948762350408
128,0.9,direct_stagewise,group_union_tv,20,-0.032106695854214704,-0.048009820223334526,-0.016203571485094877
128,0.9,direct_stagewise,pip_mae,20,-0.007228210888779859,-0.010476303962311142,-0.003980117815248577
128,0.9,direct_stagewise,group_pip_mae,20,-0.011333585556050565,-0.01646788928154112,-0.00619928183056001
128,0.9,direct_stagewise,posterior_mean_error,20,-0.020916356925305763,-0.03305357776059838,-0.008779136090013146
128,0.9,direct_stagewise,covariance_error,20,-0.00993898486623332,-0.015504176525077948,-0.004373793207388693
128,0.9,direct_stagewise,full_support_kl,20,-0.05590702726447768,-0.07758956478118068,-0.034224489747774686
128,0.9,direct_stagewise,full_support_tv,20,-0.03192716625457622,-0.04760035209041384,-0.016253980418738597
128,0.9,direct_stagewise,conditional_kl,20,-0.047527188588850355,-0.06382017419551198,-0.03123420298218873
128,0.9,direct_stagewise,prediction_mse,20,-0.0013510789789338367,-0.003793631395676645,0.0010914734378089717
128,0.99,augmented_joint,posterior_kl,20,-0.6529993857003473,-0.7362851701773515,-0.5697136012233431
128,0.99,augmented_joint,group_union_tv,20,-0.22460109873702513,-0.2486730794361935,-0.20052911803785678
128,0.99,augmented_joint,pip_mae,20,-0.05231877762259394,-0.06303687626715523,-0.04160067897803264
128,0.99,augmented_joint,group_pip_mae,20,-0.0661207550106808,-0.08292160881851976,-0.049319901202841854
128,0.99,augmented_joint,posterior_mean_error,20,-0.0279841984656068,-0.050350249934011854,-0.005618146997201749
128,0.99,augmented_joint,covariance_error,20,-0.0130459328963445,-0.02342935577220663,-0.002662510020482371
128,0.99,augmented_joint,full_support_kl,20,-1.0118327553491642,-1.0947655742760587,-0.9288999364222698
128,0.99,augmented_joint,full_support_tv,20,-0.23571262038734994,-0.25971591830105967,-0.21170932247364022
128,0.99,augmented_joint,conditional_kl,20,0.3588333696488168,0.30017762386499786,0.4174891154326357
128,0.99,augmented_joint,prediction_mse,20,-0.00242847879851144,-0.0071655838209071215,0.002308626223884241
128,0.99,direct_frozen,posterior_kl,20,-0.09170476984500171,-0.1401579277087078,-0.043251611981295617
128,0.99,direct_frozen,group_union_tv,20,-0.017586877653385798,-0.029952561666915622,-0.005221193639855973
128,0.99,direct_frozen,pip_mae,20,-0.005784812068799268,-0.009625469827375532,-0.0019441543102230031
128,0.99,direct_frozen,group_pip_mae,20,-0.009408240145497699,-0.015597610762257089,-0.00321886952873831
128,0.99,direct_frozen,posterior_mean_error,20,-0.007087282779131331,-0.018253865973122015,0.004079300414859353
128,0.99,direct_frozen,covariance_error,20,-0.011095808572846515,-0.02075332387254381,-0.0014382932731492222
128,0.99,direct_frozen,full_support_kl,20,-0.09041446451565176,-0.13636241014557082,-0.044466518885732685
128,0.99,direct_frozen,full_support_tv,20,-0.017340595837423055,-0.02960223682695265,-0.005078954847893462
128,0.99,direct_frozen,conditional_kl,20,-0.0012903053293499612,-0.013678066238497695,0.011097455579797773
128,0.99,direct_frozen,prediction_mse,20,-0.00032392395802600054,-0.0010092454517891163,0.00036139753573711516
128,0.99,direct_stagewise,posterior_kl,20,-0.09677139974202831,-0.1454922946105238,-0.048050504873532816
128,0.99,direct_stagewise,group_union_tv,20,-0.0165227370197218,-0.029085229792542428,-0.003960244246901171
128,0.99,direct_stagewise,pip_mae,20,-0.0055430998696347905,-0.009379164143498767,-0.0017070355957708146
128,0.99,direct_stagewise,group_pip_mae,20,-0.00903308676733748,-0.015332254890402769,-0.0027339186442721895
128,0.99,direct_stagewise,posterior_mean_error,20,-0.009566637797027044,-0.020718919871420743,0.0015856442773666563
128,0.99,direct_stagewise,covariance_error,20,-0.010371737391384542,-0.01991071093264865,-0.0008327638501204309
128,0.99,direct_stagewise,full_support_kl,20,-0.08207750373714698,-0.12519200572975614,-0.038963001744537804
128,0.99,direct_stagewise,full_support_tv,20,-0.016223979386485753,-0.028720866956721967,-0.0037270918162495385
128,0.99,direct_stagewise,conditional_kl,20,-0.01469389600488133,-0.02864644003986689,-0.0007413519698957673
128,0.99,direct_stagewise,prediction_mse,20,-0.0004131903255657882,-0.0012680199777374748,0.0004416393266058982
